Numero de radar;Type de radar;Date de mise en service;VMA ;Latitude; Longitude
12923;Radar feu rouge;2018-06-28T12:24;;49.11907;6.20408
13598;Radar fixe;2018-09-05T12:20;;49.95842;2.85479
13599;Radar fixe;2018-09-05T12:20;;48.67029;2.27976
13600;Radar fixe;2018-09-05T12:20;;48.63212;2.4065
13601;Radar fixe;2018-09-05T12:20;;48.83313;2.08501
13602;Radar fixe;2018-09-05T12:20;;46.55483;0.28342
13603;Radar fixe;2018-09-05T12:20;;48.57066;7.73904
13604;Radar fixe;2018-09-05T12:20;;48.67772;7.77558
13605;Radar fixe;2018-09-05T12:20;;43.655729;7.161446
13606;Radar fixe;2018-09-05T12:20;;43.712;7.2714
13607;Radar fixe;2018-09-05T12:20;;43.707;7.2793
13608;Radar fixe;2018-09-05T12:20;;44.195;4.1338
13609;Radar fixe;2018-09-05T12:20;;43.8356;4.402
13610;Radar fixe;2018-09-05T12:20;;43.8356;4.4026
13611;Radar fixe;2018-09-05T12:20;;43.956;3.8169
13612;Radar fixe;2018-09-05T12:20;;43.951;3.796
13613;Radar fixe;2018-09-05T12:20;;43.755;1.3626
13614;Radar fixe;2018-09-05T12:20;;43.077;0.6372
13615;Radar fixe;2018-09-05T12:20;;43.607;3.9227
13616;Radar fixe;2018-09-05T12:20;;46.347;6.4331
13617;Radar fixe;2018-09-05T12:20;;43.421;3.5489
13618;Radar fixe;2018-09-05T12:20;;43.631954;3.82251
13619;Radar fixe;2018-09-05T12:20;;47.93;-1.9418
13620;Radar fixe;2018-09-05T12:20;;48.02;-1.8148
13621;Radar fixe;2018-09-05T12:20;;48.093;-1.9957
13622;Radar fixe;2018-09-05T12:20;;45.875;5.3577
13623;Radar fixe;2018-09-05T12:20;;45.05042;5.78997
13624;Radar fixe;2018-09-05T12:20;;48.163;2.1271
13625;Radar fixe;2018-09-05T12:20;;47.48869;-0.50981
13626;Radar fixe;2018-09-05T12:20;;47.16631;-0.65357
13627;Radar fixe;2018-09-05T12:20;;49.418;1.9433
13628;Radar fixe;2018-09-05T12:20;;49.367;2.2466
13629;Radar fixe;2018-09-05T12:20;;49.336;2.0967
13630;Radar fixe;2018-09-05T12:20;;49.223;2.6117
13631;Radar fixe;2018-09-05T12:20;;49.58704;2.1366
13632;Radar fixe;2018-09-05T12:20;;49.50412;1.99173
13633;Radar fixe;2018-09-05T12:20;;49.591;3.1108
13634;Radar fixe;2018-09-05T12:20;;48.792;2.1795
13635;Radar fixe;2018-09-05T12:20;;48.766;1.9059
13636;Radar fixe;2018-09-05T12:20;;43.513;2.066
13637;Radar fixe;2018-09-05T12:20;;44.046;1.9998
13638;Radar fixe;2018-09-05T12:20;;43.156;5.7408
13639;Radar fixe;2018-09-05T12:20;;48.66542;2.33981
13640;Radar fixe;2018-09-05T12:20;;48.313;-3.1479
13641;Radar fixe;2018-09-05T12:20;;46.939;6.2086
13642;Radar fixe;2018-09-05T12:20;;47.503;6.7248
13643;Radar fixe;2018-09-05T12:20;;47.459;6.8415
13644;Radar fixe;2018-09-05T12:20;;47.132;6.5583
13645;Radar fixe;2018-09-05T12:20;;47.465;6.7025
13646;Radar fixe;2018-09-05T12:20;;47.331;6.3656
13647;Radar fixe;2018-09-05T12:20;;48.885;0.9305
13648;Radar fixe;2018-09-05T12:20;;49.037;1.0958
13649;Radar fixe;2018-09-05T12:20;;48.529;1.3172
13650;Radar fixe;2018-09-05T12:20;;48.26;0.9159
13651;Radar fixe;2018-09-05T12:20;;48.451;1.2934
13652;Radar fixe;2018-09-05T12:20;;48.149;1.7091
13653;Radar fixe;2018-09-05T12:20;;48.068;1.2355
13654;Radar fixe;2018-09-05T12:20;;48.13697;1.61709
13655;Radar fixe;2018-09-05T12:20;;46.77;1.6628
13656;Radar fixe;2018-09-05T12:20;;46.803656;1.694493
13657;Radar fixe;2018-09-05T12:20;;47.483;0.7681
13658;Radar fixe;2018-09-05T12:20;;47.481;0.7652
13659;Radar fixe;2018-09-05T12:20;;47.397;0.906
13660;Radar fixe;2018-09-05T12:20;;46.802;5.5765
13661;Radar fixe;2018-09-05T12:20;;46.816;6.0539
13662;Radar fixe;2018-09-05T12:20;;43.554;-1.2951
13663;Radar fixe;2018-09-05T12:20;;43.80084;-0.29199
13664;Radar fixe;2018-09-05T12:20;;47.46997;1.11729
13665;Radar fixe;2018-09-05T12:20;;47.418;1.2775
13666;Radar fixe;2018-09-05T12:20;;47.755658;-3.239926
13667;Radar fixe;2018-09-05T12:20;;47.8395;-3.34053
13668;Radar fixe;2018-09-05T12:20;;48.022;-2.8202
13669;Radar fixe;2018-09-05T12:20;;47.664;-2.7858
13670;Radar fixe;2018-09-05T12:20;;47.62196;-2.8972
13671;Radar fixe;2018-09-05T12:20;;48.7867;7.55887
13672;Radar fixe;2018-09-05T12:20;;45.58267;6.73921
13673;Radar fixe;2018-09-05T12:20;;46.347;6.4332
13674;Radar fixe;2018-09-05T12:20;;45.98988;6.63149
13675;Radar fixe;2018-09-05T12:20;;49.083;2.5299
13676;Radar fixe;2018-09-05T12:20;;48.756;0.0691
13677;Radar fixe;2018-09-05T12:20;;48.632;0.4816
13678;Radar fixe;2018-09-05T12:20;;43.976;1.4679
13679;Radar fixe;2018-09-05T12:20;;43.680891;7.128745
13680;Radar fixe;2018-09-05T12:20;;43.692385;7.243083
13681;Radar fixe;2018-09-05T12:20;;44.07932;2.99639
13682;Radar fixe;2018-09-05T12:20;;44.813;0.507
13683;Radar fixe;2018-09-05T12:20;;44.829;-0.465
13684;Radar fixe;2018-09-05T12:20;;44.845;-0.7254
13685;Radar fixe;2018-09-05T12:20;;44.878;-0.1659
13686;Radar fixe;2018-09-05T12:20;;45.132;-1.0453
13687;Radar fixe;2018-09-05T12:20;;44.596;-1.103
13688;Radar fixe;2018-09-05T12:20;;45.023;-0.1535
13689;Radar fixe;2018-09-05T12:20;;47.259;-2.2933
13690;Radar fixe;2018-09-05T12:20;;47.638;-1.9849
13691;Radar fixe;2018-09-05T12:20;;47.224;-1.4987
13692;Radar fixe;2018-09-05T12:20;;47.198;-1.2469
13693;Radar fixe;2018-09-05T12:20;;44.43093;0.978019
13694;Radar fixe;2018-09-05T12:20;;44.462;0.6923
13695;Radar fixe;2018-09-05T12:20;;44.07858;0.36688
13696;Radar fixe;2018-09-05T12:20;;47.965;-0.582
13697;Radar fixe;2018-09-05T12:20;;47.842;-0.6512
13698;Radar fixe;2018-09-05T12:20;;48.0501;-0.86753
13699;Radar fixe;2018-09-05T12:20;;48.3075;-0.6205
13700;Radar fixe;2018-09-05T12:20;;48.65425;6.92866
13701;Radar fixe;2018-09-05T12:20;;49.401;6.2821
13702;Radar fixe;2018-09-05T12:20;;48.6404;6.9047
13703;Radar fixe;2018-09-05T12:20;;45.684;4.9507
13704;Radar fixe;2018-09-05T12:20;;45.701;4.8224
13705;Radar fixe;2018-09-05T12:20;;45.767;4.8238
13706;Radar fixe;2018-09-05T12:20;;46.593;-0.2155
13707;Radar fixe;2018-09-05T12:20;;46.837;-0.6833
13708;Radar fixe;2018-09-05T12:20;;46.317;-0.4312
13709;Radar fixe;2018-09-05T12:20;;46.963;-0.2097
13710;Radar fixe;2018-09-05T12:20;;46.191;-0.0563
13711;Radar fixe;2018-09-05T12:20;;43.76781;2.0429
13712;Radar fixe;2018-09-05T12:20;;43.748;1.7308
13713;Radar fixe;2018-09-05T12:20;;43.636;2.2242
13714;Radar fixe;2018-09-05T12:20;;43.816;1.2489
13715;Radar fixe;2018-09-05T12:20;;44.102;1.463
13716;Radar fixe;2018-09-05T12:20;;44.133;1.1878
13717;Radar fixe;2018-09-05T12:20;;44.033;1.1635
13718;Radar fixe;2018-09-05T12:20;;44.092;1.0115
13719;Radar fixe;2018-09-05T12:20;;46.859;-1.8101
13720;Radar fixe;2018-09-05T12:20;;46.812;-1.8799
13721;Radar fixe;2018-09-05T12:20;;46.761;-1.9375
13722;Radar fixe;2018-09-05T12:20;;46.592041;-1.758629
13723;Radar fixe;2018-09-05T12:20;;46.947;-2.0249
13724;Radar fixe;2018-09-05T12:20;;48.164;6.4545
13725;Radar fixe;2018-09-05T12:20;;47.512;3.8401
13726;Radar fixe;2018-09-05T12:20;;48.171;3.2612
13727;Radar fixe;2018-09-05T12:20;;48.89088;2.20696
13728;Radar fixe;2018-09-05T12:20;;48.89787;2.2633
13729;Radar fixe;2018-09-05T12:20;;48.8089;2.19792
13730;Radar fixe;2018-09-05T12:20;;48.416;1.5321
13731;Radar fixe;2018-09-05T12:20;;48.805;2.1339
13732;Radar fixe;2018-09-05T12:20;;48.805;2.1339
13733;Radar fixe;2018-09-05T12:20;;48.78;2.1314
13734;Radar fixe;2018-09-05T12:20;;49.408;4.3686
13735;Radar fixe;2018-09-05T12:20;;49.27277;6.17428
13736;Radar fixe;2018-09-05T12:20;;49.874;4.3912
13737;Radar fixe;2018-09-05T12:20;;47.9818;4.8942
13738;Radar fixe;2018-09-05T12:20;;48.454;4.9626
13739;Radar fixe;2018-09-05T12:20;;50.777;3.101
13740;Radar fixe;2018-09-05T12:20;;43.48705;-1.53663
13741;Radar fixe;2018-09-05T12:20;;43.44979;-1.56904
13742;Radar fixe;2018-09-05T12:20;;49.898;2.9226
13743;Radar fixe;2018-09-05T12:20;;43.11;5.8124
13744;Radar fixe;2018-09-05T12:20;;43.10086;5.823865
13745;Radar fixe;2018-09-05T12:20;;43.49302;6.48663
13746;Radar fixe;2018-09-05T12:20;;48.59435;2.31103
13747;Radar fixe;2018-09-05T12:20;;48.731;3.6112
13748;Radar fixe;2018-09-05T12:20;;48.731;3.6124
13749;Radar fixe;2018-09-05T12:20;;48.844561;2.81354
13750;Radar fixe;2018-09-05T12:20;;48.875971;2.288479
13751;Radar fixe;2018-09-05T12:20;;43.6003649;3.9190434
13752;Radar fixe;2018-09-05T12:20;;47.467;6.0976
13753;Radar fixe;2018-09-05T12:20;;47.662;6.3759
13754;Radar fixe;2018-09-05T12:20;;47.624;6.2074
13755;Radar fixe;2018-09-05T12:20;;47.854;3.6523
13756;Radar fixe;2018-09-05T12:20;;44.959;-0.7102
13757;Radar fixe;2018-09-05T12:20;;48.8465;1.53482
13758;Radar fixe;2018-09-05T12:20;;48.43;-2.5088
13759;Radar fixe;2018-09-05T12:20;;45.784;3.1353
13760;Radar fixe;2018-09-05T12:20;;45.784;3.1353
13761;Radar fixe;2018-09-05T12:20;;49.525;3.754
13762;Radar fixe;2018-09-05T12:20;;49.036;3.2523
13763;Radar fixe;2018-09-05T12:20;;49.892;3.9117
13764;Radar fixe;2018-09-05T12:20;;46.181;6.2291
13765;Radar fixe;2018-09-05T12:20;;48.877;2.1067
13766;Radar fixe;2018-09-05T12:20;;49.399;6.2804
13767;Radar fixe;2018-09-05T12:20;;49.2385;6.06709
13768;Radar fixe;2018-09-05T12:20;;49.1422;0.41131
13769;Radar fixe;2018-09-05T12:20;;48.837;2.3352
13770;Radar fixe;2018-09-05T12:20;;48.840788;2.390433
13771;Radar fixe;2018-09-05T12:20;;48.8470894;2.3606053
13772;Radar fixe;2018-09-05T12:20;;14.60795;-61.04224
13773;Radar fixe;2018-09-05T12:20;;14.60745;-61.04235
13774;Radar fixe;2018-09-05T12:20;;49.054;1.9596
13775;Radar fixe;2018-09-05T12:20;;42.749;0.1912
13776;Radar fixe;2018-09-05T12:20;;42.74837;0.19117
13777;Radar fixe;2018-09-05T12:20;;44.341;4.793
13778;Radar fixe;2018-09-05T12:20;;49.93826;3.24409
13779;Radar fixe;2018-09-05T12:20;;49.618;3.4578
13780;Radar fixe;2018-09-05T12:20;;46.06;-0.9395
13781;Radar fixe;2018-09-05T12:20;;48.298;2.9475
13782;Radar fixe;2018-09-05T12:20;;43.252;6.0651
13783;Radar fixe;2018-09-05T12:20;;43.71891;3.79439
13784;Radar fixe;2018-09-05T12:20;;43.277;3.2855
13785;Radar fixe;2018-09-05T12:20;;43.586;3.9189
13786;Radar fixe;2018-09-05T12:20;;46.264828;6.31718
13787;Radar fixe;2018-09-05T12:20;;45.901;6.8611
13788;Radar fixe;2018-09-05T12:20;;45.85587;6.91082
13789;Radar fixe;2018-09-05T12:20;;45.863;6.9024
13790;Radar fixe;2018-09-05T12:20;;45.889;6.8748
13791;Radar fixe;2018-09-05T12:20;;47.203266;-1.622631
13792;Radar fixe;2018-09-05T12:20;;47.180606;-1.60916
13793;Radar fixe;2018-09-05T12:20;;49.12731;6.1618
13794;Radar fixe;2018-09-05T12:20;;48.91581;4.42415
13795;Radar fixe;2018-09-05T12:20;;47.9247787;-1.717421
13796;Radar fixe;2018-09-05T12:20;;48.90546;2.0739
13797;Radar fixe;2018-09-05T12:20;;48.816346;2.359291
13798;Radar fixe;2018-09-05T12:20;;43.57649;-0.65743
13799;Radar fixe;2018-09-05T12:20;;47.48393;-0.54887
13800;Radar fixe;2018-09-05T12:20;;46.81268;6.36369
13801;Radar fixe;2018-09-05T12:20;;46.8127;6.3637
13802;Radar fixe;2018-09-05T12:20;;45.67995;4.84948
13803;Radar fixe;2018-09-05T12:20;;48.88743;2.2516
13804;Radar fixe;2018-09-05T12:20;;48.70775;2.19009
13805;Radar fixe;2018-09-05T12:20;;48.8869;2.24157
13806;Radar discriminant;2018-09-05T12:20;50;46.299;-0.0571
13807;Radar discriminant;2018-09-05T12:20;70;45.361;4.2526
13808;Radar discriminant;2018-09-05T12:20;80;45.767;1.2911
13809;Radar discriminant;2018-09-05T12:20;80;46.364;3.0229
13810;Radar discriminant;2018-09-05T12:20;80;46.517;3.4723
13811;Radar discriminant;2018-09-05T12:20;80;46.456;3.9043
13812;Radar discriminant;2018-09-05T12:20;80;46.48;3.8307
13813;Radar discriminant;2018-09-05T12:20;80;46.36857;4.55662
13814;Radar discriminant;2018-09-05T12:20;80;46.413;4.4365
13815;Radar discriminant;2018-09-05T12:20;80;48.726;3.8492
13816;Radar discriminant;2018-09-05T12:20;80;43.16;-0.471
13817;Radar discriminant;2018-09-05T12:20;80;43.16;-0.4795
13818;Radar discriminant;2018-09-05T12:20;80;43.357;-1.7352
13819;Radar discriminant;2018-09-05T12:20;80;46.619;0.3449
13820;Radar discriminant;2018-09-05T12:20;80;46.618;0.356
13821;Radar discriminant;2018-09-05T12:20;80;48.054;6.587
13822;Radar discriminant;2018-09-05T12:20;70;49.377;6.0908
13823;Radar discriminant;2018-09-05T12:20;80;45.41358;0.85801
13824;Radar discriminant;2018-09-05T12:20;80;45.415;0.8791
13825;Radar discriminant;2018-09-05T12:20;80;48.716;0.8628
13826;Radar discriminant;2018-09-05T12:20;80;48.967;0.9336
13827;Radar discriminant;2018-09-05T12:20;80;49.085;0.5739
13828;Radar discriminant;2018-09-05T12:20;80;48.416;1.4759
13829;Radar discriminant;2018-09-05T12:20;80;47.372;0.6533
13830;Radar discriminant;2018-09-05T12:20;80;47.56;0.6094
13831;Radar discriminant;2018-09-05T12:20;80;47.321;0.7027
13832;Radar discriminant;2018-09-05T12:20;80;47.372;0.6534
13833;Radar discriminant;2018-09-05T12:20;80;47.593;0.7401
13834;Radar discriminant;2018-09-05T12:20;80;48.108;1.891
13835;Radar discriminant;2018-09-05T12:20;80;47.94;2.356
13836;Radar discriminant;2018-09-05T12:20;80;47.93;2.3378
13837;Radar discriminant;2018-09-05T12:20;70;47.934;1.9303
13838;Radar discriminant;2018-09-05T12:20;80;48.977;2.4732
13839;Radar discriminant;2018-09-05T12:20;80;48.997;2.4822
13840;Radar discriminant;2018-09-05T12:20;80;48.173;3.3941
13841;Radar discriminant;2018-09-05T12:20;80;47.964;3.813
13842;Radar discriminant;2018-09-05T12:20;80;47.792;3.6229
13843;Radar discriminant;2018-09-05T12:20;80;47.921;4.0192
13844;Radar discriminant;2018-09-05T12:20;80;48.176;3.1904
13845;Radar discriminant;2018-09-05T12:20;80;45.796;4.9344
13846;Radar discriminant;2018-09-05T12:20;80;48.344;4.2055
13847;Radar discriminant;2018-09-05T12:20;80;48.332771;4.093514
13848;Radar discriminant;2018-09-05T12:20;90;43.736;4.4634
13849;Radar discriminant;2018-09-05T12:20;90;43.937;4.604
13850;Radar discriminant;2018-09-05T12:20;80;43.584;1.4965
13851;Radar discriminant;2018-09-05T12:20;80;43.634;1.421
13852;Radar discriminant;2018-09-05T12:20;80;43.686;-0.1748
13853;Radar discriminant;2018-09-05T12:20;90;45.243;5.8603
13854;Radar discriminant;2018-09-05T12:20;50;47.797;1.0737
13855;Radar discriminant;2018-09-05T12:20;90;47.3446;-0.06767
13856;Radar discriminant;2018-09-05T12:20;80;48.643;5.066
13857;Radar discriminant;2018-09-05T12:20;90;50.551;3.0602
13858;Radar discriminant;2018-09-05T12:20;90;50.64;2.937
13859;Radar discriminant;2018-09-05T12:20;90;50.85;1.7236
13860;Radar discriminant;2018-09-05T12:20;50;50.7029;1.62584
13861;Radar discriminant;2018-09-05T12:20;50;48.339;7.5412
13862;Radar discriminant;2018-09-05T12:20;80;45.777;4.9715
13863;Radar discriminant;2018-09-05T12:20;90;46.734;4.8358
13864;Radar discriminant;2018-09-05T12:20;90;46.733;4.8355
13865;Radar discriminant;2018-09-05T12:20;70;48.903;2.0053
13866;Radar discriminant;2018-09-05T12:20;90;48.778;2.2135
13867;Radar discriminant;2018-09-05T12:20;80;48.506;1.8357
13868;Radar discriminant;2018-09-05T12:20;80;48.798;1.7733
13869;Radar discriminant;2018-09-05T12:20;80;43.841;2.1858
13870;Radar discriminant;2018-09-05T12:20;80;43.999;1.3646
13871;Radar discriminant;2018-09-05T12:20;90;48.142;4.6167
13872;Radar discriminant;2018-09-05T12:20;80;43.53074;4.95997
13873;Radar discriminant;2018-09-05T12:20;80;43.656;4.6519
13874;Radar discriminant;2018-09-05T12:20;90;43.404368;5.341811
13875;Radar discriminant;2018-09-05T12:20;90;45.268;3.2021
13876;Radar discriminant;2018-09-05T12:20;90;45.175;3.1705
13877;Radar discriminant;2018-09-05T12:20;90;45.372;1.5736
13878;Radar discriminant;2018-09-05T12:20;90;45.527;2.339
13879;Radar discriminant;2018-09-05T12:20;80;47.50559;6.82946
13880;Radar discriminant;2018-09-05T12:20;80;47.50559;6.82946
13881;Radar discriminant;2018-09-05T12:20;80;48.18;1.3748
13882;Radar discriminant;2018-09-05T12:20;80;48.751;1.4536
13883;Radar discriminant;2018-09-05T12:20;80;48.454;1.4482
13884;Radar discriminant;2018-09-05T12:20;90;46.605;1.5017
13885;Radar discriminant;2018-09-05T12:20;90;47.117;0.5987
13886;Radar discriminant;2018-09-05T12:20;90;47.415;0.7295
13887;Radar fixe;2018-09-05T12:20;;48.822;2.37965
13888;Radar discriminant;2018-09-05T12:20;80;47.165;-1.5229
13889;Radar discriminant;2018-09-05T12:20;90;47.767;1.569
13890;Radar discriminant;2018-09-05T12:20;90;44.266;0.2796
13891;Radar discriminant;2018-09-05T12:20;90;48.734;-1.2957
13892;Radar discriminant;2018-09-05T12:20;80;48.277;5.1119
13893;Radar discriminant;2018-09-05T12:20;90;48.783;0.318
13894;Radar discriminant;2018-09-05T12:20;80;48.589;7.7303
13895;Radar discriminant;2018-09-05T12:20;80;45.585;5.9082
13896;Radar discriminant;2018-09-05T12:20;80;45.567;5.9427
13897;Radar discriminant;2018-09-05T12:20;90;46.075;5.9057
13898;Radar discriminant;2018-09-05T12:20;50;46.001;6.0052
13899;Radar discriminant;2018-09-05T12:20;80;48.692;3.1871
13900;Radar discriminant;2018-09-05T12:20;80;49.99;3.0073
13901;Radar discriminant;2018-09-05T12:20;80;49.658;2.7086
13902;Radar discriminant;2018-09-05T12:20;80;49.951;1.942
13903;Radar discriminant;2018-09-05T12:20;90;50.121;1.7958
13904;Radar discriminant;2018-09-05T12:20;80;49.957;2.8766
13905;Radar discriminant;2018-09-05T12:20;80;43.947;5.0278
13906;Radar discriminant;2018-09-05T12:20;80;44.025;4.8731
13907;Radar discriminant;2018-09-05T12:20;80;43.971;5.019
13908;Radar discriminant;2018-09-05T12:20;80;45.849;1.2761
13909;Radar discriminant;2018-09-05T12:20;90;48.163;5.707
13910;Radar discriminant;2018-09-05T12:20;80;48.609;2.3333
13911;Radar discriminant;2018-09-05T12:20;80;48.609;2.3332
13912;Radar discriminant;2018-09-05T12:20;80;49.035;2.4873
13913;Radar discriminant;2018-09-05T12:20;80;49.06;2.3584
13914;Radar discriminant;2018-09-05T12:20;80;47.165;-1.5225
13915;Radar discriminant;2018-09-05T12:20;80;47.165;-1.5225
13916;Radar discriminant;2018-09-05T12:20;50;45.851;0.5038
13917;Radar discriminant;2018-09-05T12:20;80;45.617;0.1009
13918;Radar discriminant;2018-09-05T12:20;80;45.678;0.1485
13919;Radar discriminant;2018-09-05T12:20;80;43.633;-0.6183
13920;Radar discriminant;2018-09-05T12:20;80;46.215;1.7227
13921;Radar discriminant;2018-09-05T12:20;80;46.19299;1.9536
13922;Radar discriminant;2018-09-05T12:20;80;46.761;-1.4307
13923;Radar discriminant;2018-09-05T12:20;90;50.523;3.0409
13924;Radar discriminant;2018-09-05T12:20;50;43.732;7.2953
13925;Radar discriminant;2018-09-05T12:20;70;43.797;7.4834
13926;Radar discriminant;2018-09-05T12:20;80;47.2836;2.19036
13927;Radar discriminant;2018-09-05T12:20;80;47.294;2.2123
13928;Radar discriminant;2018-09-05T12:20;80;44.744;-0.7043
13929;Radar discriminant;2018-09-05T12:20;80;44.593;-0.843
13930;Radar discriminant;2018-09-05T12:20;90;44.977;-0.432
13931;Radar discriminant;2018-09-05T12:20;90;49.222;2.6418
13932;Radar discriminant;2018-09-05T12:20;80;49.0878619;2.7327044
13933;Radar discriminant;2018-09-05T12:20;70;45.81559;4.917147
13934;Radar discriminant;2018-09-05T12:20;80;45.731;4.9788
13935;Radar discriminant;2018-09-05T12:20;70;45.914;4.3522
13936;Radar discriminant;2018-09-05T12:20;70;46.701;4.3962
13937;Radar discriminant;2018-09-05T12:20;70;46.376;4.862
13938;Radar discriminant;2018-09-05T12:20;50;46.191;-0.0572
13939;Radar discriminant;2018-09-05T12:20;80;43.807;1.3215
13940;Radar discriminant;2018-09-05T12:20;80;43.894;1.3054
13941;Radar discriminant;2018-09-05T12:20;80;43.956;1.4404
13942;Radar discriminant;2018-09-05T12:20;80;48.625;2.3604
13943;Radar discriminant;2018-09-05T12:20;50;47.633;6.1594
13944;Radar discriminant;2018-09-05T12:20;80;47.251;-1.4765
13945;Radar discriminant;2018-09-05T12:20;80;45.031;-0.4199
13946;Radar discriminant;2018-09-05T12:20;80;48.647;4.8641
13947;Radar discriminant;2018-09-05T12:20;80;45.85;5.2976
13948;Radar discriminant;2018-09-05T12:20;80;49.364;3.3451
13949;Radar discriminant;2018-09-05T12:20;80;49.364;3.3449
13950;Radar discriminant;2018-09-05T12:20;80;49.727;4.4277
13951;Radar discriminant;2018-09-05T12:20;80;49.753;5.0284
13952;Radar discriminant;2018-09-05T12:20;80;46.199;-1.0354
13953;Radar discriminant;2018-09-05T12:20;80;46.126;-1.106
13954;Radar discriminant;2018-09-05T12:20;80;45.3;-0.2388
13955;Radar fixe;2018-09-05T12:20;;48.82352;2.31005
13956;Radar discriminant;2018-09-05T12:20;80;49.431253;2.810755
13957;Radar discriminant;2018-09-05T12:20;80;49.316967;2.442069
13958;Radar discriminant;2018-09-05T12:20;80;48.146;7.3689
13959;Radar discriminant;2018-09-05T12:20;50;47.887;6.91
13960;Radar discriminant;2018-09-05T12:20;50;46.894;4.8527
13961;Radar discriminant;2018-09-05T12:20;80;43.909;1.7595
13962;Radar discriminant;2018-09-05T12:20;80;43.916;2.2793
13963;Radar discriminant;2018-09-05T12:20;80;43.621;2.3086
13964;Radar discriminant;2018-09-05T12:20;80;44.292;1.8687
13965;Radar discriminant;2018-09-05T12:20;80;44.218;1.5165
13966;Radar discriminant;2018-09-05T12:20;80;42.739;2.8873
13967;Radar discriminant;2018-09-05T12:20;90;46.824;0.5191
13968;Radar discriminant;2018-09-05T12:20;90;43.17;2.7785
13969;Radar discriminant;2018-09-05T12:20;50;43.47254;2.85574
13970;Radar discriminant;2018-09-05T12:20;90;43.629;3.6938
13971;Radar discriminant;2018-09-05T12:20;80;48.14634;7.36874
13972;Radar discriminant;2018-09-05T12:20;80;50.583;3.0907
13973;Radar discriminant;2018-09-05T12:20;80;50.589;3.0965
13974;Radar discriminant;2018-09-05T12:20;90;48.867;6.0934
13975;Radar discriminant;2018-09-05T12:20;90;48.921;6.1098
13976;Radar discriminant;2018-09-05T12:20;70;48.536;2.2093
13977;Radar discriminant;2018-09-05T12:20;80;48.703;5.4252
13978;Radar discriminant;2018-09-05T12:20;80;48.693;5.3376
13979;Radar discriminant;2018-09-05T12:20;80;44.783;-0.6321
13980;Radar discriminant;2018-09-05T12:20;80;47.363;0.7134
13981;Radar discriminant;2018-09-05T12:20;80;47.396;0.707
13982;Radar discriminant;2018-09-05T12:20;80;49.382;4.5778
13983;Radar discriminant;2018-09-05T12:20;80;48.485;3.4819
13984;Radar discriminant;2018-09-05T12:20;80;48.496;4.1362
13985;Radar discriminant;2018-09-05T12:20;80;44.39;2.695
13986;Radar discriminant;2018-09-05T12:20;80;46.065;0.6756
13987;Radar discriminant;2018-09-05T12:20;80;45.989;0.2005
13988;Radar discriminant;2018-09-05T12:20;70;48.517;-2.745
13989;Radar discriminant;2018-09-05T12:20;70;48.51;-2.7402
13990;Radar discriminant;2018-09-05T12:20;70;47.934;1.9304
13991;Radar discriminant;2018-09-05T12:20;80;47.816;5.4976
13992;Radar discriminant;2018-09-05T12:20;80;50.36674;2.31171
13993;Radar discriminant;2018-09-05T12:20;80;45.765;4.9072
13994;Radar discriminant;2018-09-05T12:20;80;45.76502;4.90727
13995;Radar discriminant;2018-09-05T12:20;80;48.341;6.3143
13996;Radar discriminant;2018-09-05T12:20;80;48.1735;3.3715
13997;Radar discriminant;2018-09-05T12:20;80;48.022;3.3137
13998;Radar discriminant;2018-09-05T12:20;80;48.746;0.9892
13999;Radar discriminant;2018-09-05T12:20;80;48.742;0.9608
14000;Radar discriminant;2018-09-05T12:20;80;43.592;1.3988
14001;Radar discriminant;2018-09-05T12:20;80;43.581;0.5401
14002;Radar discriminant;2018-09-05T12:20;80;43.782;-0.0235
14003;Radar discriminant;2018-09-05T12:20;50;47.796;1.0742
14004;Radar discriminant;2018-09-05T12:20;80;49.556;-1.564
14005;Radar discriminant;2018-09-05T12:20;80;48.691;-1.3606
14006;Radar discriminant;2018-09-05T12:20;50;48.767;4.5832
14007;Radar discriminant;2018-09-05T12:20;80;50.604;2.9455
14008;Radar discriminant;2018-09-05T12:20;90;45.557;5.7306
14009;Radar discriminant;2018-09-05T12:20;80;45.571;5.9364
14010;Radar discriminant;2018-09-05T12:20;80;49.4729;0.94695
14011;Radar discriminant;2018-09-05T12:20;80;43.369;6.5964
14012;Radar discriminant;2018-09-05T12:20;80;43.382116;6.589798
14013;Radar discriminant;2018-09-05T12:20;70;48.62899;2.35524
14014;Radar discriminant;2018-09-05T12:20;80;43.542;4.9559
14015;Radar discriminant;2018-09-05T12:20;90;43.711;-1.2282
14016;Radar discriminant;2018-09-05T12:20;90;44.139;-0.9731
14017;Radar discriminant;2018-09-05T12:20;90;44.4124;-0.81969
14018;Radar discriminant;2018-09-05T12:20;80;43.354;-0.5332
14019;Radar discriminant;2018-09-05T12:20;90;48.95;2.4492
14020;Radar discriminant;2018-09-05T12:20;90;43.943;-1.083
14021;Radar discriminant;2018-09-05T12:20;90;43.389;3.4582
14022;Radar discriminant;2018-09-05T12:20;90;43.475;3.6513
14023;Radar discriminant;2018-09-05T12:20;90;49.541;2.7273
14024;Radar discriminant;2018-09-05T12:20;90;49.541;2.7273
14025;Radar discriminant;2018-09-05T12:20;90;48.967674;2.510128
14026;Radar discriminant;2018-09-05T12:20;80;45.957;5.3272
14027;Radar discriminant;2018-09-05T12:20;80;46.197;1.78434
14028;Radar discriminant;2018-09-05T12:20;80;44.871;-0.6426
14029;Radar discriminant;2018-09-05T12:20;80;49.4168;1.04682
14030;Radar discriminant;2018-09-05T12:20;50;43.827;3.3157
14031;Radar discriminant;2018-09-05T12:20;80;43.608;1.4101
14032;Radar discriminant;2018-09-05T12:20;80;45.695;4.8309
14033;Radar discriminant;2018-09-05T12:20;80;45.671884;4.772833
14034;Radar discriminant;2018-09-05T12:20;70;45.195;6.6222
14035;Radar discriminant;2018-09-05T12:20;90;49.47274;1.02779
14036;Radar discriminant;2018-09-05T12:20;80;45.67;0.0328
14037;Radar discriminant;2018-09-05T12:20;80;46.46028;0.26737
14038;Radar discriminant;2018-09-05T12:20;90;45.235;1.5126
14039;Radar discriminant;2018-09-05T12:20;80;45.971;2.1899
14040;Radar discriminant;2018-09-05T12:20;80;43.663;0.6237
14041;Radar discriminant;2018-09-05T12:20;90;45.17387;5.38752
14042;Radar discriminant;2018-09-05T12:20;80;43.67753;-1.25692
14043;Radar discriminant;2018-09-05T12:20;80;43.85228;-1.11816
14044;Radar discriminant;2018-09-05T12:20;80;46.8815;0.1417
14045;Radar discriminant;2018-09-05T12:20;90;43.13936;0.31168
14046;Radar discriminant;2018-09-05T12:20;80;43.6077;1.31941
14047;Radar discriminant;2018-09-05T12:20;90;46.1489;6.15028
14048;Radar discriminant;2018-09-05T12:20;80;43.97436;4.86708
14049;Radar discriminant;2018-09-05T12:20;90;43.1907;3.06719
14050;Radar discriminant;2018-09-05T12:20;90;43.1919;2.4151
14051;Radar discriminant;2018-09-05T12:20;90;43.192543;2.3697
14052;Radar discriminant;2018-09-05T12:20;80;43.6353;1.42083
14053;Radar discriminant;2018-09-05T12:20;80;51.01468;2.38797
14054;Radar discriminant;2018-09-05T12:20;80;50.998;2.28695
14055;Radar discriminant;2018-09-05T12:20;80;49.36362;3.48006
14056;Radar discriminant;2018-09-05T12:20;80;49.42835;1.05613
14057;Radar discriminant;2018-09-05T12:20;90;49.78055;1.7445
14058;Radar discriminant;2018-09-05T12:20;90;49.7861;1.4865
14059;Radar discriminant;2018-09-05T12:20;90;49.01541;2.1454
14060;Radar discriminant;2018-09-05T12:20;80;49.05936;2.28263
14061;Radar discriminant;2018-09-05T12:20;80;43.590861;1.399065
14062;Radar discriminant;2018-09-05T12:20;50;43.710541;7.201861
14063;Radar discriminant;2018-09-05T12:20;80;49.74339;2.67662
14064;Radar discriminant;2018-09-05T12:20;80;43.64658;1.46013
14065;Radar discriminant;2018-09-05T12:20;80;45.9092;-0.9653
14066;Radar discriminant;2018-09-05T12:20;90;47.0883;4.7556
14067;Radar discriminant;2018-09-05T12:20;80;48.59375;-1.41286
14068;Radar discriminant;2018-09-05T12:20;80;47.114235;2.611574
14069;Radar discriminant;2018-09-05T12:20;80;50.44641;2.83944
14070;Radar discriminant;2018-09-05T12:20;80;43.58519;1.49663
14071;Radar discriminant;2018-09-05T12:20;80;50.68421;3.13346
14072;Radar discriminant;2018-09-05T12:20;80;47.3168;5.07991
14073;Radar discriminant;2018-09-05T12:20;90;49.091;5.2326
14074;Radar discriminant;2018-09-05T12:20;90;47.645962;5.180054
14075;Radar discriminant;2018-09-05T12:20;90;48.9207;-1.08303
14076;Radar discriminant;2018-09-05T12:20;80;50.4347;2.8484
14077;Radar discriminant;2018-09-05T12:20;90;47.302985;4.50281
14078;Radar discriminant;2018-09-05T12:20;90;47.302835;4.503231
14079;Radar discriminant;2018-09-05T12:20;80;48.66478;-1.3671
14080;Radar discriminant;2018-09-05T12:20;80;48.59631;-1.40713
14081;Radar discriminant;2018-09-05T12:20;80;48.425255;-0.299788
14082;Radar discriminant;2018-09-05T12:20;90;50.424217;3.01685
14083;Radar discriminant;2018-09-05T12:20;80;49.45061;-1.34994
14084;Radar discriminant;2018-09-05T12:20;90;47.038745;3.139964
14085;Radar discriminant;2018-09-05T12:20;80;46.935;4.6691
14086;Radar discriminant;2018-09-05T12:20;90;45.5784;5.82376
14087;Radar discriminant;2018-09-05T12:20;80;45.85361;3.11472
14088;Radar discriminant;2018-09-05T12:20;80;46.285;2.40286
14089;Radar discriminant;2018-09-05T12:20;80;43.59722;4.76084
14090;Radar discriminant;2018-09-05T12:20;80;48.50718;1.463404
14091;Radar discriminant;2018-09-05T12:20;80;48.50736;1.46338
14092;Radar discriminant;2018-09-05T12:20;80;47.29333;-1.74453
14093;Radar discriminant;2018-09-05T12:20;80;50.29578;3.85388
14094;Radar discriminant;2018-09-05T12:20;80;48.76852;2.61274
14095;Radar discriminant;2018-09-05T12:20;80;49.052103;6.170171
14096;Radar discriminant;2018-09-05T12:20;80;42.80218;3.030407
14097;Radar discriminant;2018-09-05T12:20;80;48.700083;6.971603
14098;Radar discriminant;2018-09-05T12:20;80;48.043;-1.94317
14099;Radar discriminant;2018-09-05T12:20;80;49.08636;1.1882
14100;Radar discriminant;2018-09-05T12:20;90;49.57449;2.2023
14101;Radar discriminant;2018-09-05T12:20;80;48.0532;-1.91588
14102;Radar discriminant;2018-09-05T12:20;90;43.5468;6.80423
14103;Radar discriminant;2018-09-05T12:20;80;48.057448;-1.680085
14104;Radar discriminant;2018-09-05T12:20;90;45.71594;3.15225
14105;Radar discriminant;2018-09-05T12:20;80;42.76709;2.89969
14106;Radar discriminant;2018-09-05T12:20;80;47.67987;-1.46141
14107;Radar discriminant;2018-09-05T12:20;90;45.49753;3.2555
14108;Radar discriminant;2018-09-05T12:20;90;43.50612;5.50822
14109;Radar discriminant;2018-09-05T12:20;80;42.5381;3.0272
14110;Radar discriminant;2018-09-05T12:20;90;47.73548;5.19463
14111;Radar discriminant;2018-09-05T12:20;90;45.49594;6.0632
14112;Radar discriminant;2018-09-05T12:20;80;49.3546;1.0827
14113;Radar discriminant;2018-09-05T12:20;80;49.0704;2.24711
14114;Radar discriminant;2018-09-05T12:20;90;48.192497;0.830108
14115;Radar discriminant;2018-09-05T12:20;90;43.533881;6.871259
14116;Radar discriminant;2018-09-05T12:20;90;48.1701;4.3245
14117;Radar discriminant;2018-09-05T12:20;80;48.15867;6.48605
14118;Radar discriminant;2018-09-05T12:20;90;47.075636;2.274846
14119;Radar discriminant;2018-09-05T12:20;80;48.730205;3.906032
14120;Radar discriminant;2018-09-05T12:20;90;46.35551;2.80366
14121;Radar discriminant;2018-09-05T12:20;80;45.73042;-0.62311
14122;Radar discriminant;2018-09-05T12:20;90;47.74799;1.53901
14123;Radar discriminant;2018-09-05T12:20;90;47.89004;1.85813
14124;Radar discriminant;2018-09-05T12:20;80;47.054358;-0.920699
14125;Radar discriminant;2018-09-05T12:20;90;48.66979;5.91715
14126;Radar discriminant;2018-09-05T12:20;90;48.57917;2.63788
14127;Radar discriminant;2018-09-05T12:20;90;49.984758;1.683684
14128;Radar discriminant;2018-09-05T12:20;80;48.7037;2.44358
14129;Radar discriminant;2018-09-05T12:20;90;48.26519;1.85257
14130;Radar discriminant;2018-09-05T12:20;90;47.1883;2.16616
14131;Radar discriminant;2018-09-05T12:20;90;46.466315;4.880352
14132;Radar discriminant;2018-09-05T12:20;90;44.70121;3.28069
14133;Radar discriminant;2018-09-05T12:20;80;50.4485;2.58465
14134;Radar discriminant;2018-09-05T12:20;80;49.25938;-0.38312
14135;Radar discriminant;2018-09-05T12:20;90;44.0559;0.88012
14136;Radar discriminant;2018-09-05T12:20;90;45.11091;3.13624
14137;Radar discriminant;2018-09-05T12:20;80;48.78852;1.626852
14138;Radar discriminant;2018-09-05T12:20;90;45.1108;3.13646
14139;Radar discriminant;2018-09-05T12:20;80;47.9689;-3.98777
14140;Radar discriminant;2018-09-05T12:20;80;48.4548;-4.37707
14141;Radar discriminant;2018-09-05T12:20;80;50.38616;1.87375
14142;Radar discriminant;2018-09-05T12:20;90;50.86398;1.7402
14143;Radar discriminant;2018-09-05T12:20;80;44.35389;1.46445
14144;Radar discriminant;2018-09-05T12:20;90;47.0998;-1.47264
14145;Radar discriminant;2018-09-05T12:20;80;43.507556;4.860163
14146;Radar discriminant;2018-09-05T12:20;80;50.319937;3.60362
14147;Radar discriminant;2018-09-05T12:20;90;45.8752;3.64095
14148;Radar discriminant;2018-09-05T12:20;90;46.38436;-0.36723
14149;Radar discriminant;2018-09-05T12:20;90;45.37292;4.80638
14150;Radar discriminant;2018-09-05T12:20;80;48.3351;6.8941
14151;Radar discriminant;2018-09-05T12:20;80;48.99326;1.193836
14152;Radar discriminant;2018-09-05T12:20;90;45.370988;5.491938
14153;Radar discriminant;2018-09-05T12:20;90;47.994335;1.854396
14154;Radar discriminant;2018-09-05T12:20;90;48.26556;1.85308
14155;Radar discriminant;2018-09-05T12:20;90;43.512;5.45668
14156;Radar discriminant;2018-09-05T12:20;90;48.192203;0.830547
14157;Radar discriminant;2018-09-05T12:20;90;47.275026;-1.540395
14158;Radar discriminant;2018-09-05T12:20;90;48.176342;5.730125
14159;Radar discriminant;2018-09-05T12:20;80;42.68988;2.82703
14160;Radar discriminant;2018-09-05T12:20;80;48.101803;-1.432711
14161;Radar discriminant;2018-09-05T12:20;80;48.3295;4.1133
14162;Radar discriminant;2018-09-05T12:20;90;48.3647;4.16042
14163;Radar discriminant;2018-09-05T12:20;90;45.469651;5.4011
14164;Radar discriminant;2018-09-05T12:20;80;42.6081;2.98456
14165;Radar discriminant;2018-09-05T12:20;90;48.27307;3.89477
14166;Radar discriminant;2018-09-05T12:20;80;48.011707;-1.59979
14167;Radar discriminant;2018-09-05T12:20;80;42.70675;2.98598
14168;Radar discriminant;2018-09-05T12:20;90;49.85744;2.41556
14169;Radar discriminant;2018-09-05T12:20;90;48.7129;2.308
14170;Radar discriminant;2018-09-05T12:20;90;46.465533;4.879322
14171;Radar discriminant;2018-09-05T12:20;90;47.773558;7.362957
14172;Radar discriminant;2018-09-05T12:20;80;47.958419;7.308257
14173;Radar discriminant;2018-09-05T12:20;90;46.085752;6.088236
14174;Radar discriminant;2018-09-05T12:20;80;48.434486;-2.817417
14175;Radar discriminant;2018-09-05T12:20;80;48.790311;2.070456
14176;Radar discriminant;2018-09-05T12:20;80;43.740074;-1.035058
14177;Radar discriminant;2018-09-05T12:20;80;43.721155;-1.12237
14178;Radar discriminant;2018-09-05T12:20;90;46.049706;6.080695
14179;Radar discriminant;2018-09-05T12:20;90;47.773536;7.362936
14180;Radar discriminant;2018-09-05T12:20;80;47.95778;7.30806
14181;Radar discriminant;2018-09-05T12:20;80;48.610522;-3.276339
14182;Radar discriminant;2018-09-05T12:20;80;48.853662;1.179271
14183;Radar discriminant;2018-09-05T12:20;80;48.86851;1.17674
14184;Radar discriminant;2018-09-05T12:20;90;43.13768;6.04168
14185;Radar discriminant;2018-09-05T12:20;90;47.086;5.4204
14186;Radar discriminant;2018-09-05T12:20;90;46.0038;4.73286
14187;Radar discriminant;2018-09-05T12:20;80;48.038988;-4.076303
14188;Radar discriminant;2018-09-05T12:20;80;48.518535;-4.045053
14189;Radar discriminant;2018-09-05T12:20;80;43.45083;-1.492198
14190;Radar discriminant;2018-09-05T12:20;90;45.616445;5.896973
14191;Radar discriminant;2018-09-05T12:20;80;46.972338;-0.807677
14192;Radar discriminant;2018-09-05T12:20;80;48.341;6.3139
14193;Radar discriminant;2018-09-05T12:20;80;47.905;-1.6849
14194;Radar discriminant;2018-09-05T12:20;90;47.116119;-0.826199
14195;Radar discriminant;2018-09-05T12:20;80;49.305;2.4529
14196;Radar discriminant;2018-09-05T12:20;80;48.548;-3.4115
14197;Radar discriminant;2018-09-05T12:20;80;48.416;-2.308
14198;Radar discriminant;2018-09-05T12:20;80;48.51575;-2.03866
14199;Radar discriminant;2018-09-05T12:20;80;49.138;1.182
14200;Radar discriminant;2018-09-05T12:20;80;43.857986;-0.722169
14201;Radar discriminant;2018-09-05T12:20;80;43.85137;-0.738436
14202;Radar discriminant;2018-09-05T12:20;80;47.671;-2.9395
14203;Radar discriminant;2018-09-05T12:20;80;48.509;0.3452
14204;Radar discriminant;2018-09-05T12:20;80;44.883648;-0.333458
14205;Radar discriminant;2018-09-05T12:20;80;47.156;-1.3227
14206;Radar discriminant;2018-09-05T12:20;90;48.832194;2.154142
14207;Radar discriminant;2018-09-05T12:20;90;49.534;4.4246
14208;Radar discriminant;2018-09-05T12:20;90;48.656155;4.17437
14209;Radar discriminant;2018-09-05T12:20;80;45.266063;4.150615
14210;Radar discriminant;2018-09-05T12:20;70;48.423793;2.140934
14211;Radar discriminant;2018-09-05T12:20;80;48.485161;2.194555
14212;Radar discriminant;2018-09-05T12:20;70;46.827144;-0.423377
14213;Radar discriminant;2018-09-05T12:20;80;50.328517;2.875154
14214;Radar discriminant;2018-09-05T12:20;50;44.417805;3.183342
14215;Radar discriminant;2018-09-05T12:20;80;45.45964;4.486546
14216;Radar fixe;2018-09-05T12:20;;48.8543;2.25437
14217;Radar fixe;2018-09-05T12:20;;46.62896;0.35564
14218;Radar fixe;2018-09-05T12:20;;43.5135;-1.46733
14219;Radar fixe;2018-09-05T12:20;;49.17486;-0.31164
14220;Radar fixe;2018-09-05T12:20;;48.7741;2.40784
14221;Radar fixe;2018-09-05T12:20;;49.1069;6.14738
14222;Radar fixe;2018-09-05T12:20;;48.89645;2.30974
14223;Radar fixe;2018-09-05T12:20;;50.41841;2.41399
14224;Radar fixe;2018-09-05T12:20;;43.38001;5.35354
14225;Radar fixe;2018-09-05T12:20;;46.31121;4.83825
14226;Radar fixe;2018-09-05T12:20;;48.00498;0.37071
14227;Radar fixe;2018-09-05T12:20;;48.89004;2.39613
14228;Radar fixe;2018-09-05T12:20;;48.8167;2.44854
14229;Radar fixe;2018-09-05T12:20;;50.53378;2.60465
14230;Radar fixe;2018-09-05T12:20;;44.6635;-0.3842
14231;Radar fixe;2018-09-05T12:20;;45.67848;0.14837
14232;Radar fixe;2018-09-05T12:20;;45.61721;0.1006
14233;Radar fixe;2018-09-05T12:20;;47.80291;0.31546
14234;Radar fixe;2018-09-05T12:20;;46.18153;-1.13972
14235;Radar fixe;2018-09-05T12:20;;46.11793;-1.1071
14236;Radar fixe;2018-09-05T12:20;;45.77271;4.83601
14237;Radar fixe;2018-09-05T12:20;;45.76357;4.80266
14238;Radar fixe;2018-09-05T12:20;;45.4932;6.51932
14239;Radar fixe;2018-09-05T12:20;;44.63378;4.77037
14240;Radar fixe;2018-09-05T12:20;;45.2242;4.81691
14241;Radar fixe;2018-09-05T12:20;;46.78971;4.84233
14242;Radar fixe;2018-09-05T12:20;;48.18697;-1.96266
14243;Radar fixe;2018-09-05T12:20;;48.10572;-1.50378
14244;Radar fixe;2018-09-05T12:20;;49.92349;2.32861
14245;Radar fixe;2018-09-05T12:20;;48.45588;2.60473
14246;Radar fixe;2018-09-05T12:20;;48.45603;2.60488
14247;Radar fixe;2018-09-05T12:20;;44.88349;-0.55534
14248;Radar fixe;2018-09-05T12:20;;43.73442;7.25137
14249;Radar fixe;2018-09-05T12:20;;44.1232;4.79898
14250;Radar fixe;2018-09-05T12:20;;48.92981;2.36345
14251;Radar fixe;2018-09-05T12:20;;48.88333;2.26472
14252;Radar fixe;2018-09-05T12:20;;43.66582;7.20722
14253;Radar fixe;2018-09-05T12:20;;48.49267;7.55745
14254;Radar fixe;2018-09-05T12:20;;41.93201;8.75645
14255;Radar fixe;2018-09-05T12:20;;47.13053;-1.73999
14256;Radar fixe;2018-09-05T12:20;;47.19506;-1.85438
14257;Radar fixe;2018-09-05T12:20;;43.61005;1.41945
14258;Radar fixe;2018-09-05T12:20;;45.91482;6.08237
14259;Radar fixe;2018-09-05T12:20;;46.05159;6.08709
14260;Radar fixe;2018-09-05T12:20;;43.4229;5.37299
14261;Radar fixe;2018-09-05T12:20;;43.3278;5.37814
14262;Radar fixe;2018-09-05T12:20;;43.35563;5.3471
14263;Radar fixe;2018-09-05T12:20;;43.34427;5.34679
14264;Radar fixe;2018-09-05T12:20;;43.30666;3.44236
14265;Radar fixe;2018-09-05T12:20;;43.494064;3.776145
14266;Radar fixe;2018-09-05T12:20;;43.42333;3.74408
14267;Radar fixe;2018-09-05T12:20;;48.01813;2.11227
14268;Radar fixe;2018-09-05T12:20;;48.15247;2.76366
14269;Radar fixe;2018-09-05T12:20;;48.08149;-1.69679
14270;Radar fixe;2018-09-05T12:20;;48.04582;-1.63036
14271;Radar fixe;2018-09-05T12:20;;49.45188;1.14532
14272;Radar fixe;2018-09-05T12:20;;43.94884;4.84067
14273;Radar fixe;2018-09-05T12:20;;43.94887;4.84069
14274;Radar fixe;2018-09-05T12:20;;47.78869;-3.25268
14275;Radar fixe;2018-09-05T12:20;;48.08683;-3.55049
14276;Radar fixe;2018-09-05T12:20;;49.22406;2.54604
14277;Radar fixe;2018-09-05T12:20;;49.22665;2.54273
14278;Radar fixe;2018-09-05T12:20;;48.60649;6.33212
14279;Radar fixe;2018-09-05T12:20;;48.77026;1.98503
14280;Radar fixe;2018-09-05T12:20;;48.3913;-4.40205
14281;Radar fixe;2018-09-05T12:20;;46.92863;-1.26183
14282;Radar fixe;2018-09-05T12:20;;46.61224;-1.0395
14283;Radar fixe;2018-09-05T12:20;;45.26191;5.52653
14284;Radar fixe;2018-09-05T12:20;;45.65505;5.11342
14285;Radar fixe;2018-09-05T12:20;;45.48273;4.8323
14286;Radar fixe;2018-09-05T12:20;;41.98769;8.77188
14287;Radar fixe;2018-09-05T12:20;;49.04783;2.33193
14288;Radar fixe;2018-09-05T12:20;;48.5429;1.54604
14289;Radar fixe;2018-09-05T12:20;;48.93387;2.56774
14290;Radar fixe;2018-09-05T12:20;;46.21175;5.29042
14291;Radar fixe;2018-09-05T12:20;;48.75138;1.45159
14292;Radar fixe;2018-09-05T12:20;;47.67198;6.92381
14293;Radar fixe;2018-09-05T12:20;;44.50116;3.46284
14294;Radar fixe;2018-09-05T12:20;;47.77277;7.22639
14295;Radar fixe;2018-09-05T12:20;;44.73788;4.64336
14296;Radar fixe;2018-09-05T12:20;;44.89669;2.40773
14297;Radar fixe;2018-09-05T12:20;;49.49519;1.6849
14298;Radar fixe;2018-09-05T12:20;;45.88424;5.16879
14299;Radar fixe;2018-09-05T12:20;;49.24496;3.03571
14300;Radar fixe;2018-09-05T12:20;;46.26858;3.48903
14301;Radar fixe;2018-09-05T12:20;;46.23546;3.28459
14302;Radar fixe;2018-09-05T12:20;;46.17012;3.45748
14303;Radar fixe;2018-09-05T12:20;;46.45832;3.36763
14304;Radar fixe;2018-09-05T12:20;;45.05807;4.84064
14305;Radar fixe;2018-09-05T12:20;;43.08329;2.94368
14306;Radar fixe;2018-09-05T12:20;;44.52474;2.3331
14307;Radar fixe;2018-09-05T12:20;;45.81743;0.06857
14308;Radar fixe;2018-09-05T12:20;;45.80214;-0.13577
14309;Radar fixe;2018-09-05T12:20;;47.33708;4.95722
14310;Radar fixe;2018-09-05T12:20;;47.25353;5.08055
14311;Radar fixe;2018-09-05T12:20;;47.33701;5.03369
14312;Radar fixe;2018-09-05T12:20;;45.15661;0.77934
14313;Radar fixe;2018-09-05T12:20;;45.22916;0.67979
14314;Radar fixe;2018-09-05T12:20;;44.39963;4.7043
14315;Radar fixe;2018-09-05T12:20;;44.70534;4.80003
14316;Radar fixe;2018-09-05T12:20;;43.94883;4.67539
14317;Radar fixe;2018-09-05T12:20;;43.94882;4.77246
14318;Radar fixe;2018-09-05T12:20;;44.48154;1.40138
14319;Radar fixe;2018-09-05T12:20;;44.23888;0.49729
14320;Radar fixe;2018-09-05T12:20;;44.50246;0.16753
14321;Radar fixe;2018-09-05T12:20;;49.94754;3.23867
14322;Radar fixe;2018-09-05T12:20;;46.88885;5.72928
14323;Radar fixe;2018-09-05T12:20;;44.04511;2.97343
14324;Radar fixe;2018-09-05T12:20;;46.98935;3.25853
14325;Radar fixe;2018-09-05T12:20;;48.95811;2.84479
14326;Radar fixe;2018-09-05T12:20;;48.97724;2.23349
14327;Radar fixe;2018-09-05T12:20;;46.57785;5.44001
14328;Radar fixe;2018-09-05T12:20;;44.35989;4.18885
14329;Radar fixe;2018-09-05T12:20;;48.71967;3.53421
14330;Radar fixe;2018-09-05T12:20;;48.67391;2.34275
14331;Radar fixe;2018-09-05T12:20;;49.16668;6.87561
14332;Radar fixe;2018-09-05T12:20;;49.11965;6.21497
14333;Radar fixe;2018-09-05T12:20;;49.4454;1.2005
14334;Radar fixe;2018-09-05T12:20;;44.47583;6.03457
14335;Radar fixe;2018-09-05T12:20;;47.53431;1.41633
14336;Radar fixe;2018-09-05T12:20;;45.6354;-0.97539
14337;Radar fixe;2018-09-05T12:20;;49.23461;4.03943
14338;Radar fixe;2018-09-05T12:20;;46.31879;-0.99235
14339;Radar fixe;2018-09-05T12:20;;48.83791;2.22399
14340;Radar fixe;2018-09-05T12:20;;48.8268;2.15161
14341;Radar fixe;2018-09-05T12:20;;44.99301;4.99052
14342;Radar fixe;2018-09-05T12:20;;45.57308;-0.76019
14343;Radar fixe;2018-09-05T12:20;;48.11581;-1.36965
14344;Radar fixe;2018-09-05T12:20;;47.8408;-1.72092
14345;Radar fixe;2018-09-05T12:20;;47.64114;6.85237
14346;Radar fixe;2018-09-05T12:20;;43.98956;4.9038
14347;Radar fixe;2018-09-05T12:20;;43.86528;4.99709
14348;Radar fixe;2018-09-05T12:20;;48.83241;2.28062
14349;Radar fixe;2018-09-05T12:20;;48.88572;2.28803
14350;Radar fixe;2018-09-05T12:20;;46.78682;1.68372
14351;Radar fixe;2018-09-05T12:20;;48.86087;2.41399
14352;Radar fixe;2018-09-05T12:20;;43.78758;3.87394
14353;Radar fixe;2018-09-05T12:20;;43.68044;3.82139
14354;Radar fixe;2018-09-05T12:20;;49.15467;0.72225
14355;Radar fixe;2018-09-05T12:20;;46.92244;1.29655
14356;Radar fixe;2018-09-05T12:20;;47.75802;7.35231
14357;Radar fixe;2018-09-05T12:20;;48.76259;2.41895
14358;Radar fixe;2018-09-05T12:20;;48.76239;2.41901
14359;Radar fixe;2018-09-05T12:20;;43.17309;0.97521
14360;Radar fixe;2018-09-05T12:20;;43.17349;0.97559
14361;Radar fixe;2018-09-05T12:20;;49.13881;6.81451
14362;Radar fixe;2018-09-05T12:20;;49.2977;1.12069
14363;Radar fixe;2018-09-05T12:20;;45.56784;5.35584
14364;Radar fixe;2018-09-05T12:20;;45.35878;5.9977
14365;Radar fixe;2018-09-05T12:20;;43.42323;0.04954
14366;Radar fixe;2018-09-05T12:20;;47.76133;-1.93972
14367;Radar fixe;2018-09-05T12:20;;43.21835;5.81183
14368;Radar fixe;2018-09-05T12:20;;47.33407;1.20635
14369;Radar fixe;2018-09-05T12:20;;46.42902;4.40949
14370;Radar fixe;2018-09-05T12:20;;46.2394;4.04019
14371;Radar fixe;2018-09-05T12:20;;47.62763;6.17827
14372;Radar fixe;2018-09-05T12:20;;49.22405;0.9473
14373;Radar fixe;2018-09-05T12:20;;49.14012;0.65222
14374;Radar fixe;2018-09-05T12:20;;48.719;-1.40957
14375;Radar fixe;2018-09-05T12:20;;45.00722;3.87917
14376;Radar fixe;2018-09-05T12:20;;49.9185;1.10488
14377;Radar fixe;2018-09-05T12:20;;45.29287;4.14182
14378;Radar fixe;2018-09-05T12:20;;48.57881;-3.73758
14379;Radar fixe;2018-09-05T12:20;;48.5787;-3.73713
14380;Radar fixe;2018-09-05T12:20;;16.25425;-61.56124
14381;Radar fixe;2018-09-05T12:20;;48.38294;-2.37652
14382;Radar fixe;2018-09-05T12:20;;48.24163;-3.3369
14383;Radar fixe;2018-09-05T12:20;;48.2452;-3.34723
14384;Radar fixe;2018-09-05T12:20;;50.9345;1.88208
14385;Radar fixe;2018-09-05T12:20;;50.50315;1.76615
14386;Radar fixe;2018-09-05T12:20;;50.803;2.10876
14387;Radar fixe;2018-09-05T12:20;;45.5569;4.28565
14388;Radar fixe;2018-09-05T12:20;;47.11753;3.22756
14389;Radar fixe;2018-09-05T12:20;;47.90534;1.89729
14390;Radar fixe;2018-09-05T12:20;;47.93455;1.7618
14391;Radar fixe;2018-09-05T12:20;;45.12362;1.55456
14392;Radar fixe;2018-09-05T12:20;;45.22226;1.42767
14393;Radar fixe;2018-09-05T12:20;;48.85013;2.55588
14394;Radar fixe;2018-09-05T12:20;;48.48442;5.11311
14395;Radar fixe;2018-09-05T12:20;;48.37656;5.1565
14396;Radar fixe;2018-09-05T12:20;;48.54187;-0.49413
14397;Radar fixe;2018-09-05T12:20;;14.80932;-61.02076
14398;Radar fixe;2018-09-05T12:20;;14.58958;-60.98281
14399;Radar fixe;2018-09-05T12:20;;14.52809;-60.98237
14400;Radar fixe;2018-09-05T12:20;;14.66466;-60.96781
14401;Radar fixe;2018-09-05T12:20;;14.61142;-61.06535
14402;Radar fixe;2018-09-05T12:20;;14.61154;-61.06998
14403;Radar fixe;2018-09-05T12:20;;43.46441;-0.70353
14404;Radar fixe;2018-09-05T12:20;;44.55284;4.89382
14405;Radar fixe;2018-09-05T12:20;;45.04349;-0.46663
14406;Radar fixe;2018-09-05T12:20;;43.49391;-1.52397
14407;Radar fixe;2018-09-05T12:20;;43.60445;7.06149
14408;Radar fixe;2018-09-05T12:20;;43.17541;-0.54974
14409;Radar fixe;2018-09-05T12:20;;48.86819;2.22461
14410;Radar fixe;2018-09-05T12:20;;48.55733;-3.17928
14411;Radar fixe;2018-09-05T12:20;;46.55238;6.0142
14412;Radar fixe;2018-09-05T12:20;;46.26278;-0.46651
14413;Radar fixe;2018-09-05T12:20;;45.41662;5.33245
14414;Radar fixe;2018-09-05T12:20;;-20.88223;55.46355
14415;Radar fixe;2018-09-05T12:20;;-20.88632;55.48368
14416;Radar fixe;2018-09-05T12:20;;43.25688;0.07205
14417;Radar fixe;2018-09-05T12:20;;47.96298;3.72857
14418;Radar fixe;2018-09-05T12:20;;43.53641;5.19178
14419;Radar fixe;2018-09-05T12:20;;49.16313;0.70935
14420;Radar fixe;2018-09-05T12:20;;49.20909;0.7688
14421;Radar fixe;2018-09-05T12:20;;43.68571;7.1977
14422;Radar fixe;2018-09-05T12:20;;44.04822;6.13947
14423;Radar fixe;2018-09-05T12:20;;48.69258;3.39995
14424;Radar fixe;2018-09-05T12:20;;44.12468;1.15088
14425;Radar fixe;2018-09-05T12:20;;44.03106;1.23141
14426;Radar fixe;2018-09-05T12:20;;43.93981;1.21917
14427;Radar fixe;2018-09-05T12:20;;46.72308;0.42488
14428;Radar fixe;2018-09-05T12:20;;46.63122;0.24254
14429;Radar fixe;2018-09-05T12:20;;47.89996;6.72747
14430;Radar fixe;2018-09-05T12:20;;47.87434;6.83843
14431;Radar fixe;2018-09-05T12:20;;49.10263;-1.48766
14432;Radar fixe;2018-09-05T12:20;;49.64416;-1.47515
14433;Radar fixe;2018-09-05T12:20;;48.2968;-0.91783
14434;Radar fixe;2018-09-05T12:20;;48.06907;-0.75272
14435;Radar fixe;2018-09-05T12:20;;48.07663;-0.97332
14436;Radar fixe;2018-09-05T12:20;;47.96125;-0.70397
14437;Radar fixe;2018-09-05T12:20;;48.46027;-0.19704
14438;Radar fixe;2018-09-05T12:20;;48.63827;7.72804
14439;Radar fixe;2018-09-05T12:20;;48.86317;7.70085
14440;Radar fixe;2018-09-05T12:20;;48.1714;7.10899
14441;Radar fixe;2018-09-05T12:20;;48.06842;7.32789
14442;Radar fixe;2018-09-05T12:20;;47.8357;7.34161
14443;Radar fixe;2018-09-05T12:20;;46.70356;4.41479
14444;Radar fixe;2018-09-05T12:20;;46.73646;4.91729
14445;Radar fixe;2018-09-05T12:20;;46.78485;4.89023
14446;Radar fixe;2018-09-05T12:20;;43.99942;2.16705
14447;Radar fixe;2018-09-05T12:20;;43.56791;2.03059
14448;Radar fixe;2018-09-05T12:20;;49.25473;4.0023
14449;Radar fixe;2018-09-05T12:20;;49.22972;4.03263
14450;Radar fixe;2018-09-05T12:20;;48.94732;4.36034
14451;Radar fixe;2018-09-05T12:20;;49.1389;4.2282
14452;Radar fixe;2018-09-05T12:20;;42.78215;2.98764
14453;Radar fixe;2018-09-05T12:20;;42.59905;2.85651
14454;Radar fixe;2018-09-05T12:20;;42.6542;2.92633
14455;Radar fixe;2018-09-05T12:20;;48.11431;0.34573
14456;Radar fixe;2018-09-05T12:20;;48.02078;-0.09618
14457;Radar fixe;2018-09-05T12:20;;47.99672;0.17226
14458;Radar fixe;2018-09-05T12:20;;43.88555;5.86389
14459;Radar fixe;2018-09-05T12:20;;44.07632;6.01988
14460;Radar fixe;2018-09-05T12:20;;43.85757;5.83217
14461;Radar fixe;2018-09-05T12:20;;44.11609;5.99328
14462;Radar fixe;2018-09-05T12:21;;44.19723;5.94926
14463;Radar fixe;2018-09-05T12:21;;47.10975;2.414
14464;Radar fixe;2018-09-05T12:21;;47.65842;6.36386
14465;Radar fixe;2018-09-05T12:21;;45.81964;-1.08287
14466;Radar fixe;2018-09-05T12:21;;45.91993;-0.5256
14467;Radar fixe;2018-09-05T12:21;;48.60302;5.03098
14468;Radar fixe;2018-09-05T12:21;;48.27245;5.11446
14469;Radar fixe;2018-09-05T12:21;;48.13863;5.05021
14470;Radar fixe;2018-09-05T12:21;;47.95924;5.27387
14471;Radar fixe;2018-09-05T12:21;;47.7759;5.65375
14472;Radar fixe;2018-09-05T12:21;;45.73826;4.09434
14473;Radar fixe;2018-09-05T12:21;;45.29275;4.62052
14474;Radar fixe;2018-09-05T12:21;;45.62226;4.34593
14475;Radar fixe;2018-09-05T12:21;;43.25053;6.54954
14476;Radar fixe;2018-09-05T12:21;;43.125;6.17853
14477;Radar fixe;2018-09-05T12:21;;43.13211;5.86711
14478;Radar fixe;2018-09-05T12:21;;43.33468;6.08662
14479;Radar fixe;2018-09-05T12:21;;46.0076;5.17567
14480;Radar fixe;2018-09-05T12:21;;46.17674;5.921
14481;Radar fixe;2018-09-05T12:21;;45.92786;5.10135
14482;Radar fixe;2018-09-05T12:21;;43.72219;4.65024
14483;Radar fixe;2018-09-05T12:21;;43.67548;5.09261
14484;Radar fixe;2018-09-05T12:21;;45.74995;5.92639
14485;Radar fixe;2018-09-05T12:21;;43.96876;1.35777
14486;Radar fixe;2018-09-05T12:21;;47.70159;-2.08541
14487;Radar fixe;2018-09-05T12:21;;48.64734;-1.90234
14488;Radar fixe;2018-09-05T12:21;;48.34308;-1.22138
14489;Radar fixe;2018-09-05T12:21;;48.08399;-1.9094
14490;Radar fixe;2018-09-05T12:21;;48.02274;-1.19566
14491;Radar fixe;2018-09-05T12:21;;47.07487;5.45915
14492;Radar fixe;2018-09-05T12:21;;46.74826;5.92218
14493;Radar fixe;2018-09-05T12:21;;47.16203;5.75994
14494;Radar fixe;2018-09-05T12:21;;47.25373;-1.52083
14495;Radar fixe;2018-09-05T12:21;;47.39628;-1.06771
14496;Radar fixe;2018-09-05T12:21;;49.31016;3.65053
14497;Radar fixe;2018-09-05T12:21;;49.07762;3.96495
14498;Radar fixe;2018-09-05T12:21;;49.14952;4.09565
14499;Radar fixe;2018-09-05T12:21;;47.05418;3.73151
14500;Radar fixe;2018-09-05T12:21;;47.20961;3.08513
14501;Radar fixe;2018-09-05T12:21;;46.97613;3.13948
14502;Radar fixe;2018-09-05T12:21;;47.22213;5.96159
14503;Radar fixe;2018-09-05T12:21;;47.3346;3.34662
14504;Radar fixe;2018-09-05T12:21;;43.4238;-0.4713
14505;Radar fixe;2018-09-05T12:21;;43.36192;-1.71314
14506;Radar fixe;2018-09-05T12:21;;43.16689;-0.44131
14507;Radar fixe;2018-09-05T12:21;;43.36958;-1.63717
14508;Radar fixe;2018-09-05T12:21;;43.50668;-0.86515
14509;Radar fixe;2018-09-05T12:21;;47.49813;6.80645
14510;Radar fixe;2018-09-05T12:21;;42.69421;2.88989
14511;Radar fixe;2018-09-05T12:21;;42.54806;2.9311
14512;Radar fixe;2018-09-05T12:21;;48.26081;7.17282
14513;Radar fixe;2018-09-05T12:21;;45.40118;6.27494
14514;Radar fixe;2018-09-05T12:21;;45.46132;5.81146
14515;Radar fixe;2018-09-05T12:21;;44.93748;2.32582
14516;Radar fixe;2018-09-05T12:21;;48.47853;2.51532
14517;Radar fixe;2018-09-05T12:21;;48.47857;2.51529
14518;Radar fixe;2018-09-05T12:21;;48.9587;2.977
14519;Radar fixe;2018-09-05T12:21;;48.54866;2.75578
14520;Radar fixe;2018-09-05T12:21;;48.77978;3.05262
14521;Radar fixe;2018-09-05T12:21;;48.61834;2.55414
14522;Radar fixe;2018-09-05T12:21;;48.61832;2.55419
14523;Radar fixe;2018-09-05T12:21;;43.94325;2.16475
14524;Radar fixe;2018-09-05T12:21;;43.94343;2.16487
14525;Radar fixe;2018-09-05T12:21;;43.50427;2.01156
14526;Radar fixe;2018-09-05T12:21;;43.64046;2.19168
14527;Radar fixe;2018-09-05T12:21;;43.4532;2.02843
14528;Radar fixe;2018-09-05T12:21;;44.13579;1.50635
14529;Radar fixe;2018-09-05T12:21;;44.04369;1.44148
14530;Radar fixe;2018-09-05T12:21;;43.95458;1.20599
14531;Radar fixe;2018-09-05T12:21;;43.91218;1.38433
14532;Radar fixe;2018-09-05T12:21;;48.10527;5.14233
14533;Radar fixe;2018-09-05T12:21;;44.13588;1.50614
14534;Radar fixe;2018-09-05T12:21;;46.47485;-1.07412
14535;Radar fixe;2018-09-05T12:21;;46.65887;-1.81691
14536;Radar fixe;2018-09-05T12:21;;46.4282;-0.83563
14537;Radar fixe;2018-09-05T12:21;;46.7049;-1.4162
14538;Radar fixe;2018-09-05T12:21;;46.92318;-1.88663
14539;Radar fixe;2018-09-05T12:21;;48.71328;2.27738
14540;Radar fixe;2018-09-05T12:21;;48.10783;5.07789
14541;Radar fixe;2018-09-05T12:21;;48.71977;2.49999
14542;Radar fixe;2018-09-05T12:21;;48.64809;2.41819
14543;Radar fixe;2018-09-05T12:21;;49.98705;2.11386
14544;Radar fixe;2018-09-05T12:21;;44.26022;5.86394
14545;Radar fixe;2018-09-05T12:21;;43.96057;6.47917
14546;Radar fixe;2018-09-05T12:21;;49.17172;1.28544
14547;Radar fixe;2018-09-05T12:21;;49.22647;0.75447
14548;Radar fixe;2018-09-05T12:21;;49.09575;0.63922
14549;Radar fixe;2018-09-05T12:21;;49.10434;0.92967
14550;Radar fixe;2018-09-05T12:21;;49.97147;2.54485
14551;Radar fixe;2018-09-05T12:21;;47.89769;2.27993
14552;Radar fixe;2018-09-05T12:21;;47.97485;2.73883
14553;Radar fixe;2018-09-05T12:21;;48.04414;1.87414
14554;Radar fixe;2018-09-05T12:21;;47.64137;2.5809
14555;Radar fixe;2018-09-05T12:21;;49.75086;2.81715
14556;Radar fixe;2018-09-05T12:21;;47.86445;1.9356
14557;Radar fixe;2018-09-05T12:21;;43.58975;1.12689
14558;Radar fixe;2018-09-05T12:21;;43.76735;0.46961
14559;Radar fixe;2018-09-05T12:21;;48.70589;4.65974
14560;Radar fixe;2018-09-05T12:21;;48.72874;3.57369
14561;Radar fixe;2018-09-05T12:21;;46.42979;3.35836
14562;Radar fixe;2018-09-05T12:21;;46.08308;3.46105
14563;Radar fixe;2018-09-05T12:21;;50.1519;1.81982
14564;Radar fixe;2018-09-05T12:21;;46.24857;3.69649
14565;Radar fixe;2018-09-05T12:21;;46.18971;3.48825
14566;Radar fixe;2018-09-05T12:21;;48.23807;4.43995
14567;Radar fixe;2018-09-05T12:21;;48.28642;3.95658
14568;Radar fixe;2018-09-05T12:21;;45.64306;0.2101
14569;Radar fixe;2018-09-05T12:21;;45.53357;6.12394
14570;Radar fixe;2018-09-05T12:21;;45.66912;0.11812
14571;Radar fixe;2018-09-05T12:21;;45.63016;0.13505
14572;Radar fixe;2018-09-05T12:21;;45.59269;-0.31624
14573;Radar fixe;2018-09-05T12:21;;47.43732;5.11105
14574;Radar fixe;2018-09-05T12:21;;47.25638;5.05896
14575;Radar fixe;2018-09-05T12:21;;47.31632;5.07145
14576;Radar fixe;2018-09-05T12:21;;43.68225;1.85319
14577;Radar fixe;2018-09-05T12:21;;43.54901;1.25641
14578;Radar fixe;2018-09-05T12:21;;43.57853;1.41002
14579;Radar fixe;2018-09-05T12:21;;46.90086;1.87875
14580;Radar fixe;2018-09-05T12:21;;48.27963;3.21818
14581;Radar fixe;2018-09-05T12:21;;46.70937;1.87214
14582;Radar fixe;2018-09-05T12:21;;46.9093;1.64325
14583;Radar fixe;2018-09-05T12:21;;46.82028;1.73202
14584;Radar fixe;2018-09-05T12:21;;46.87908;1.45739
14585;Radar fixe;2018-09-05T12:21;;45.2534;4.23202
14586;Radar fixe;2018-09-05T12:21;;45.17301;4.2892
14587;Radar fixe;2018-09-05T12:21;;45.14753;3.5036
14588;Radar fixe;2018-09-05T12:21;;47.95532;3.45368
14589;Radar fixe;2018-09-05T12:21;;44.21169;0.64731
14590;Radar fixe;2018-09-05T12:21;;44.16142;0.61949
14591;Radar fixe;2018-09-05T12:21;;44.17174;0.69377
14592;Radar fixe;2018-09-05T12:21;;44.36388;0.45489
14593;Radar fixe;2018-09-05T12:21;;47.69517;-2.55471
14594;Radar fixe;2018-09-05T12:21;;47.77714;-3.27432
14595;Radar fixe;2018-09-05T12:21;;47.55618;-2.39572
14596;Radar fixe;2018-09-05T12:21;;47.76268;-2.73691
14597;Radar fixe;2018-09-05T12:21;;47.7877;-3.45318
14598;Radar fixe;2018-09-05T12:21;;46.72327;-0.23804
14599;Radar fixe;2018-09-05T12:21;;47.02644;-0.19586
14600;Radar fixe;2018-09-05T12:21;;44.85561;-0.11079
14601;Radar fixe;2018-09-05T12:21;;46.87371;-0.35879
14602;Radar fixe;2018-09-05T12:21;;46.66365;-0.61332
14603;Radar fixe;2018-09-05T12:21;;46.82493;0.6463
14604;Radar fixe;2018-09-05T12:21;;46.34625;0.79308
14605;Radar fixe;2018-09-05T12:21;;46.65967;0.05697
14606;Radar fixe;2018-09-05T12:21;;45.98402;1.15898
14607;Radar fixe;2018-09-05T12:21;;45.8692;1.11608
14608;Radar fixe;2018-09-05T12:21;;45.63934;0.9855
14609;Radar fixe;2018-09-05T12:21;;43.19666;1.60989
14610;Radar fixe;2018-09-05T12:21;;43.03916;2.24323
14611;Radar fixe;2018-09-05T12:21;;42.90638;2.99999
14612;Radar fixe;2018-09-05T12:21;;46.16113;5.59955
14613;Radar fixe;2018-09-05T12:21;;48.28282;7.12821
14614;Radar fixe;2018-09-05T12:21;;43.49366;0.36627
14615;Radar fixe;2018-09-05T12:21;;43.01138;1.11561
14616;Radar fixe;2018-09-05T12:21;;43.09628;1.87873
14617;Radar fixe;2018-09-05T12:21;;49.21588;-0.79759
14618;Radar fixe;2018-09-05T12:21;;49.03569;-0.64535
14619;Radar fixe;2018-09-05T12:21;;48.78422;-0.78526
14620;Radar fixe;2018-09-05T12:21;;48.84027;-0.98779
14621;Radar fixe;2018-09-05T12:21;;50.2808;3.92935
14622;Radar fixe;2018-09-05T12:21;;43.75202;4.2716
14623;Radar fixe;2018-09-05T12:21;;43.77856;4.29001
14624;Radar fixe;2018-09-05T12:21;;50.30553;3.97725
14625;Radar fixe;2018-09-05T12:21;;44.62446;-0.32996
14626;Radar fixe;2018-09-05T12:21;;44.20265;-0.26936
14627;Radar fixe;2018-09-05T12:21;;43.31345;3.342
14628;Radar fixe;2018-09-05T12:21;;43.56071;3.96186
14629;Radar fixe;2018-09-05T12:21;;50.3521;3.05691
14630;Radar fixe;2018-09-05T12:21;;43.28893;3.11421
14631;Radar fixe;2018-09-05T12:21;;48.80024;-1.52376
14632;Radar fixe;2018-09-05T12:21;;49.57561;-1.71302
14633;Radar fixe;2018-09-05T12:21;;49.55164;-1.75708
14634;Radar fixe;2018-09-05T12:21;;48.0218;0.02107
14635;Radar fixe;2018-09-05T12:21;;48.37464;0.08881
14636;Radar fixe;2018-09-05T12:21;;47.72268;6.87814
14637;Radar fixe;2018-09-05T12:21;;16.25516;-61.31477
14638;Radar fixe;2018-09-05T12:21;;16.25666;-61.31013
14639;Radar fixe;2018-09-05T12:21;;45.4405;2.53056
14640;Radar fixe;2018-09-05T12:21;;48.5071;-4.30372
14641;Radar fixe;2018-09-05T12:21;;47.96984;-3.95988
14642;Radar fixe;2018-09-05T12:21;;48.40219;-4.24803
14643;Radar fixe;2018-09-05T12:21;;49.89056;4.63066
14644;Radar fixe;2018-09-05T12:21;;47.90481;-3.99682
14645;Radar fixe;2018-09-05T12:21;;48.5582;-3.87031
14646;Radar fixe;2018-09-05T12:21;;47.87;-3.59516
14647;Radar fixe;2018-09-05T12:21;;44.11734;0.00077
14648;Radar fixe;2018-09-05T12:21;;44.53152;3.52577
14649;Radar fixe;2018-09-05T12:21;;49.03383;5.43531
14650;Radar fixe;2018-09-05T12:21;;48.9177;5.24016
14651;Radar fixe;2018-09-05T12:21;;49.13606;5.43471
14652;Radar fixe;2018-09-05T12:21;;50.73835;1.87366
14653;Radar fixe;2018-09-05T12:21;;50.10953;3.51604
14654;Radar fixe;2018-09-05T12:21;;50.73502;1.70835
14655;Radar fixe;2018-09-05T12:21;;50.29689;2.29008
14656;Radar fixe;2018-09-05T12:21;;50.5513;1.61793
14657;Radar fixe;2018-09-05T12:21;;50.46187;2.89478
14658;Radar fixe;2018-09-05T12:21;;48.52306;7.34722
14659;Radar fixe;2018-09-05T12:21;;48.63794;7.72771
14660;Radar fixe;2018-09-05T12:21;;45.86655;1.27666
14661;Radar fixe;2018-09-05T12:21;;48.57101;7.78694
14662;Radar fixe;2018-09-05T12:21;;48.83619;7.91868
14663;Radar fixe;2018-09-05T12:21;;48.6403;7.80801
14664;Radar fixe;2018-09-05T12:21;;48.83428;2.1123
14665;Radar fixe;2018-09-05T12:21;;48.77981;2.18953
14666;Radar fixe;2018-09-05T12:21;;48.81761;2.12223
14667;Radar fixe;2018-09-05T12:21;;45.82851;1.28269
14668;Radar fixe;2018-09-05T12:21;;48.9246;2.0532
14669;Radar fixe;2018-09-05T12:21;;48.9425;2.124
14670;Radar fixe;2018-09-05T12:21;;48.7639;2.1645
14671;Radar fixe;2018-09-05T12:21;;46.12279;1.06388
14672;Radar fixe;2018-09-05T12:21;;48.8864;2.2106
14673;Radar fixe;2018-09-05T12:21;;48.80795;2.25882
14674;Radar fixe;2018-09-05T12:21;;48.8754;2.2386
14675;Radar fixe;2018-09-05T12:21;;45.82164;1.24382
14676;Radar fixe;2018-09-05T12:21;;48.749;2.5088
14677;Radar fixe;2018-09-05T12:21;;48.72261;2.4437
14678;Radar fixe;2018-09-05T12:21;;48.81709;2.49814
14679;Radar fixe;2018-09-05T12:21;;45.80565;1.23703
14680;Radar fixe;2018-09-05T12:21;;48.8457;2.42681
14681;Radar fixe;2018-09-05T12:21;;47.21964;-2.10975
14682;Radar fixe;2018-09-05T12:21;;44.57262;4.62361
14683;Radar fixe;2018-09-05T12:21;;44.30601;4.61321
14684;Radar fixe;2018-09-05T12:21;;45.59861;4.26533
14685;Radar fixe;2018-09-05T12:21;;43.28486;5.43855
14686;Radar fixe;2018-09-05T12:21;;46.9935;2.169
14687;Radar fixe;2018-09-05T12:21;;47.08928;2.39121
14688;Radar fixe;2018-09-05T12:21;;46.13821;4.10841
14689;Radar fixe;2018-09-05T12:21;;44.74827;5.01198
14690;Radar fixe;2018-09-05T12:21;;44.54021;4.7306
14691;Radar fixe;2018-09-05T12:21;;44.93929;4.94321
14692;Radar fixe;2018-09-05T12:21;;44.85392;4.85231
14693;Radar fixe;2018-09-05T12:21;;45.13142;5.04594
14694;Radar fixe;2018-09-05T12:21;;47.53829;-0.48993
14695;Radar fixe;2018-09-05T12:21;;47.37975;-0.75353
14696;Radar fixe;2018-09-05T12:21;;47.41955;-0.41606
14697;Radar fixe;2018-09-05T12:21;;45.63225;4.24129
14698;Radar fixe;2018-09-05T12:21;;47.46962;-0.53347
14699;Radar fixe;2018-09-05T12:21;;47.16594;-0.75342
14700;Radar fixe;2018-09-05T12:21;;47.19669;-0.12506
14701;Radar fixe;2018-09-05T12:21;;48.05591;5.06607
14702;Radar fixe;2018-09-05T12:21;;48.64668;4.87068
14703;Radar fixe;2018-09-05T12:21;;48.28514;5.48723
14704;Radar fixe;2018-09-05T12:21;;47.77234;5.31172
14705;Radar fixe;2018-09-05T12:21;;46.1243;3.93317
14706;Radar fixe;2018-09-05T12:21;;47.66106;5.29262
14707;Radar fixe;2018-09-05T12:21;;47.99208;-0.85165
14708;Radar fixe;2018-09-05T12:21;;48.12239;-0.45898
14709;Radar fixe;2018-09-05T12:21;;48.14601;-0.29389
14710;Radar fixe;2018-09-05T12:21;;50.72103;2.74688
14711;Radar fixe;2018-09-05T12:21;;50.41986;3.40659
14712;Radar fixe;2018-09-05T12:21;;50.57415;2.86406
14713;Radar fixe;2018-09-05T12:21;;50.2904;3.3588
14714;Radar fixe;2018-09-05T12:21;;46.03179;3.07982
14715;Radar fixe;2018-09-05T12:21;;45.93792;3.34199
14716;Radar fixe;2018-09-05T12:21;;45.77717;4.97613
14717;Radar fixe;2018-09-05T12:21;;45.73316;4.8175
14718;Radar fixe;2018-09-05T12:21;;45.72325;4.8424
14719;Radar fixe;2018-09-05T12:21;;45.76514;4.90365
14720;Radar fixe;2018-09-05T12:21;;45.77706;5.94337
14721;Radar fixe;2018-09-05T12:21;;45.69678;5.79877
14722;Radar fixe;2018-09-05T12:21;;49.38538;1.25976
14723;Radar fixe;2018-09-05T12:21;;45.43425;4.43
14724;Radar fixe;2018-09-05T12:21;;43.92197;4.80944
14725;Radar fixe;2018-09-05T12:21;;44.11945;4.79765
14726;Radar fixe;2018-09-05T12:21;;48.17329;6.51265
14727;Radar fixe;2018-09-05T12:21;;48.07847;6.78879
14728;Radar fixe;2018-09-05T12:21;;48.20355;3.46817
14729;Radar fixe;2018-09-05T12:21;;48.18511;3.43991
14730;Radar fixe;2018-09-05T12:21;;47.843;3.955
14731;Radar fixe;2018-09-05T12:21;;48.07803;3.29971
14732;Radar fixe;2018-09-05T12:21;;47.842;3.551
14733;Radar fixe;2018-09-05T12:21;;47.51264;3.83955
14734;Radar fixe;2018-09-05T12:21;;45.76647;3.14862
14735;Radar fixe;2018-09-05T12:21;;44.60632;6.08086
14736;Radar fixe;2018-09-05T12:21;;45.8664;2.17039
14737;Radar fixe;2018-09-05T12:21;;44.52221;6.05059
14738;Radar fixe;2018-09-05T12:21;;48.52779;-2.52985
14739;Radar fixe;2018-09-05T12:21;;46.12779;1.95585
14740;Radar fixe;2018-09-05T12:21;;46.22195;1.91924
14741;Radar fixe;2018-09-05T12:21;;-20.88672;55.48889
14742;Radar fixe;2018-09-05T12:21;;46.22163;2.4689
14743;Radar fixe;2018-09-05T12:21;;44.5067;-1.04479
14744;Radar fixe;2018-09-05T12:21;;44.15049;-0.28801
14745;Radar fixe;2018-09-05T12:21;;-20.88539;55.39237
14746;Radar fixe;2018-09-05T12:21;;49.15779;6.94834
14747;Radar fixe;2018-09-05T12:21;;-21.30224;55.50166
14748;Radar fixe;2018-09-05T12:21;;47.54031;1.28148
14749;Radar fixe;2018-09-05T12:21;;47.61474;1.36279
14750;Radar fixe;2018-09-05T12:21;;47.9063;1.48771
14751;Radar fixe;2018-09-05T12:21;;47.6743;1.32866
14752;Radar fixe;2018-09-05T12:21;;46.62812;3.74108
14753;Radar fixe;2018-09-05T12:21;;46.69316;5.18964
14754;Radar fixe;2018-09-05T12:21;;46.47188;4.66997
14755;Radar fixe;2018-09-05T12:21;;46.53839;4.04349
14756;Radar fixe;2018-09-05T12:21;;-20.95753;55.65736
14757;Radar fixe;2018-09-05T12:21;;45.88268;3.57505
14758;Radar fixe;2018-09-05T12:21;;43.93515;4.94792
14759;Radar fixe;2018-09-05T12:21;;43.87456;5.05697
14760;Radar fixe;2018-09-05T12:21;;49.63277;0.81157
14761;Radar fixe;2018-09-05T12:21;;49.2345;2.9916
14762;Radar fixe;2018-09-05T12:21;;50.71309;2.63185
14763;Radar fixe;2018-09-05T12:21;;47.98146;2.75355
14764;Radar fixe;2018-09-05T12:21;;49.17676;2.22631
14765;Radar fixe;2018-09-05T12:21;;45.72921;-0.59066
14766;Radar fixe;2018-09-05T12:21;;48.20265;1.93712
14767;Radar fixe;2018-09-05T12:21;;48.14173;1.84875
14768;Radar fixe;2018-09-05T12:21;;48.20221;1.39587
14769;Radar fixe;2018-09-05T12:21;;43.87427;5.05967
14770;Radar fixe;2018-09-05T12:21;;49.6328;0.81176
14771;Radar fixe;2018-09-05T12:21;;47.98092;2.75456
14772;Radar fixe;2018-09-05T12:21;;45.95494;5.33182
14773;Radar fixe;2018-09-05T12:21;;45.72896;-0.58853
14774;Radar fixe;2018-09-05T12:21;;46.59771;5.45883
14775;Radar fixe;2018-09-05T12:21;;49.846;3.3012
14776;Radar fixe;2018-09-05T12:21;;45.36571;1.99313
14777;Radar fixe;2018-09-05T12:21;;45.48395;1.38985
14778;Radar fixe;2018-09-05T12:21;;44.84815;0.12568
14779;Radar fixe;2018-09-05T12:21;;45.49629;0.94784
14780;Radar fixe;2018-09-05T12:21;;44.83991;0.39583
14781;Radar fixe;2018-09-05T12:21;;49.45807;2.21341
14782;Radar fixe;2018-09-05T12:21;;49.26611;2.45613
14783;Radar fixe;2018-09-05T12:21;;49.5622;2.565
14784;Radar fixe;2018-09-05T12:21;;49.40296;3.0102
14785;Radar fixe;2018-09-05T12:21;;48.67568;-0.51992
14786;Radar fixe;2018-09-05T12:21;;48.93356;2.37925
14787;Radar fixe;2018-09-05T12:21;;48.9355;2.40266
14788;Radar fixe;2018-09-05T12:21;;47.87992;6.39495
14789;Radar fixe;2018-09-05T12:21;;47.01292;2.72294
14790;Radar fixe;2018-09-05T12:21;;47.01205;2.72746
14791;Radar fixe;2018-09-05T12:21;;47.28299;2.31196
14792;Radar fixe;2018-09-05T12:21;;47.28251;-2.31011
14793;Radar fixe;2018-09-05T12:21;;47.00263;-1.82915
14794;Radar fixe;2018-09-05T12:21;;47.00262;-1.83036
14795;Radar fixe;2018-09-05T12:21;;45.201;3.50326
14796;Radar fixe;2018-09-05T12:21;;45.20341;3.50128
14797;Radar fixe;2018-09-05T12:21;;43.59714;3.13561
14798;Radar fixe;2018-09-05T12:21;;43.59696;3.13474
14799;Radar fixe;2018-09-05T12:21;;48.74896;5.12127
14800;Radar fixe;2018-09-05T12:21;;45.54093;5.52716
14801;Radar fixe;2018-09-05T12:21;;47.5714;3.7817
14802;Radar fixe;2018-09-05T12:21;;48.96695;6.54933
14803;Radar fixe;2018-09-05T12:21;;48.96498;6.55004
14804;Radar fixe;2018-09-05T12:21;;45.1388;1.8813
14805;Radar fixe;2018-09-05T12:21;;44.95437;2.58573
14806;Radar fixe;2018-09-05T12:21;;44.0435;4.13538
14807;Radar fixe;2018-09-05T12:21;;43.96456;4.22473
14808;Radar fixe;2018-09-05T12:21;;47.57258;0.27859
14809;Radar fixe;2018-09-05T12:21;;47.61531;0.65914
14810;Radar fixe;2018-09-05T12:21;;45.82512;1.2882
14811;Radar fixe;2018-09-05T12:21;;49.03754;2.50757
14812;Radar fixe;2018-09-05T12:21;;14.66063;-60.93548
14813;Radar fixe;2018-09-05T12:21;;4.81139;-52.3538
14814;Radar fixe;2018-09-05T12:21;;44.95983;-0.60835
14815;Radar fixe;2018-09-05T12:21;;-21.0323;55.2521
14816;Radar fixe;2018-09-05T12:21;;-21.23623;55.31368
14817;Radar fixe;2018-09-05T12:21;;-21.30195;55.42569
14818;Radar fixe;2018-09-05T12:21;;48.88705;2.1003
14819;Radar fixe;2018-09-05T12:21;;49.1436;0.36219
14820;Radar fixe;2018-09-05T12:21;;42.48027;9.48094
14821;Radar fixe;2018-09-05T12:21;;43.78535;4.92579
14822;Radar fixe;2018-09-05T12:21;;48.78988;2.45083
14823;Radar fixe;2018-09-05T12:21;;48.81849;2.45689
14824;Radar fixe;2018-09-05T12:21;;50.01772;4.72573
14825;Radar fixe;2018-09-05T12:21;;48.49175;3.85744
14826;Radar fixe;2018-09-05T12:21;;48.20367;4.00415
14827;Radar fixe;2018-09-05T12:21;;48.1577;4.24452
14828;Radar fixe;2018-09-05T12:21;;48.24587;4.02421
14829;Radar fixe;2018-09-05T12:21;;48.09863;4.37898
14830;Radar fixe;2018-09-05T12:21;;48.24254;3.69969
14831;Radar fixe;2018-09-05T12:21;;48.55064;-3.11223
14832;Radar fixe;2018-09-05T12:21;;48.8963;5.4406
14833;Radar fixe;2018-09-05T12:21;;46.57141;-0.29703
14834;Radar fixe;2018-09-05T12:21;;46.9174;-0.19629
14835;Radar fixe;2018-09-05T12:21;;45.18901;6.68507
14836;Radar fixe;2018-09-05T12:21;;45.17163;6.68451
14837;Radar fixe;2018-09-05T12:21;;44.98321;-0.40966
14838;Radar fixe;2018-09-05T12:21;;44.79393;-0.86665
14839;Radar fixe;2018-09-05T12:21;;49.15918;2.85001
14840;Radar fixe;2018-09-05T12:21;;49.36073;1.7688
14841;Radar fixe;2018-09-05T12:21;;48.86913;2.15811
14842;Radar fixe;2018-09-05T12:21;;48.86913;2.15812
14843;Radar fixe;2018-09-05T12:21;;48.86913;2.15813
14844;Radar fixe;2018-09-05T12:21;;48.85599;2.15601
14845;Radar fixe;2018-09-05T12:21;;48.85599;2.15602
14846;Radar fixe;2018-09-05T12:21;;48.85599;2.15603
14847;Radar fixe;2018-09-05T12:21;;48.85599;2.15604
14848;Radar fixe;2018-09-05T12:21;;48.85599;2.15605
14849;Radar fixe;2018-09-05T12:21;;48.85599;2.15606
14850;Radar fixe;2018-09-05T12:21;;48.83959;2.14521
14851;Radar fixe;2018-09-05T12:21;;49.45185;2.09979
14852;Radar fixe;2018-09-05T12:21;;48.83959;2.14522
14853;Radar fixe;2018-09-05T12:21;;48.83959;2.14523
14854;Radar fixe;2018-09-05T12:21;;48.83959;2.14524
14855;Radar fixe;2018-09-05T12:21;;48.83959;2.14525
14856;Radar fixe;2018-09-05T12:21;;48.83959;2.14526
14857;Radar fixe;2018-09-05T12:21;;48.83101;2.14801
14858;Radar fixe;2018-09-05T12:21;;48.83101;2.14802
14859;Radar fixe;2018-09-05T12:21;;48.83101;2.14803
14860;Radar fixe;2018-09-05T12:21;;48.83101;2.14804
14861;Radar fixe;2018-09-05T12:21;;48.83101;2.14805
14862;Radar fixe;2018-09-05T12:21;;49.40326;2.66782
14863;Radar fixe;2018-09-05T12:21;;48.83101;2.14807
14864;Radar fixe;2018-09-05T12:21;;48.81291;2.15921
14865;Radar fixe;2018-09-05T12:21;;48.81291;2.15922
14866;Radar fixe;2018-09-05T12:21;;48.81291;2.15923
14867;Radar fixe;2018-09-05T12:21;;48.81291;2.15924
14868;Radar fixe;2018-09-05T12:21;;48.81291;2.15925
14869;Radar fixe;2018-09-05T12:21;;48.81291;2.15926
14870;Radar fixe;2018-09-05T12:21;;48.79863;2.16321
14871;Radar fixe;2018-09-05T12:21;;48.79863;2.16322
14872;Radar fixe;2018-09-05T12:21;;48.79863;2.16323
14873;Radar fixe;2018-09-05T12:21;;48.79863;2.16324
14874;Radar fixe;2018-09-05T12:21;;48.79863;2.16325
14875;Radar fixe;2018-09-05T12:21;;48.79863;2.16326
14876;Radar fixe;2018-09-05T12:21;;48.78416;2.15621
14877;Radar fixe;2018-09-05T12:21;;48.78416;2.15622
14878;Radar fixe;2018-09-05T12:21;;48.78416;2.15623
14879;Radar fixe;2018-09-05T12:21;;43.39407;1.42984
14880;Radar fixe;2018-09-05T12:21;;43.57446;1.44788
14881;Radar fixe;2018-09-05T12:21;;49.18944;-0.33271
14882;Radar fixe;2018-09-05T12:21;;49.19715;-0.32943
14883;Radar fixe;2018-09-05T12:21;;48.90645;2.29052
14884;Radar fixe;2018-09-05T12:21;;48.93971;2.38791
14885;Radar fixe;2018-09-05T12:21;;48.91851;2.4287
14886;Radar fixe;2018-09-05T12:21;;49.06422;1.03087
14887;Radar fixe;2018-09-05T12:21;;49.17697;1.27169
14888;Radar fixe;2018-09-05T12:21;;48.68224;0.80373
14889;Radar fixe;2018-09-05T12:21;;45.60167;3.21671
14890;Radar fixe;2018-09-05T12:21;;43.63352;0.58265
14891;Radar fixe;2018-09-05T12:21;;47.36909;0.74669
14892;Radar fixe;2018-09-05T12:21;;47.29134;0.80969
14893;Radar fixe;2018-09-05T12:21;;49.83832;3.28416
14894;Radar fixe;2018-09-05T12:21;;49.39702;3.17413
14895;Radar fixe;2018-09-05T12:21;;49.68502;3.70767
14896;Radar fixe;2018-09-05T12:21;;49.89131;4.11865
14897;Radar fixe;2018-09-05T12:21;;44.92671;6.60141
14898;Radar fixe;2018-09-05T12:21;;44.57728;6.15396
14899;Radar fixe;2018-09-05T12:21;;43.1424;3.05107
14900;Radar fixe;2018-09-05T12:21;;43.12743;3.06015
14901;Radar fixe;2018-09-05T12:21;;48.64469;1.28404
14902;Radar fixe;2018-09-05T12:21;;48.13255;1.33945
14903;Radar fixe;2018-09-05T12:21;;48.47484;1.18267
14904;Radar fixe;2018-09-05T12:21;;48.24599;1.21133
14905;Radar fixe;2018-09-05T12:21;;48.61624;-2.01525
14906;Radar fixe;2018-09-05T12:21;;48.49035;-1.73712
14907;Radar fixe;2018-09-05T12:21;;43.12562;5.89825
14908;Radar fixe;2018-09-05T12:21;;43.12813;5.97579
14909;Radar fixe;2018-09-05T12:21;;43.27574;6.07178
14910;Radar fixe;2018-09-05T12:21;;43.11342;6.12006
14911;Radar fixe;2018-09-05T12:21;;47.9409;1.88819
14912;Radar fixe;2018-09-05T12:21;;47.89776;1.89552
14913;Radar fixe;2018-09-05T12:21;;47.86329;1.97145
14914;Radar fixe;2018-09-05T12:21;;47.79492;2.43741
14915;Radar fixe;2018-09-05T12:21;;48.39577;2.17306
14916;Radar fixe;2018-09-05T12:21;;48.64528;2.50417
14917;Radar fixe;2018-09-05T12:21;;48.71969;2.37065
14918;Radar fixe;2018-09-05T12:21;;48.74922;2.21065
14919;Radar fixe;2018-09-05T12:21;;41.96023;9.39674
14920;Radar fixe;2018-09-05T12:21;;50.6219;3.0216
14921;Radar fixe;2018-09-05T12:21;;48.44619;-2.48069
14922;Radar fixe;2018-09-05T12:21;;48.87583;2.44136
14923;Radar fixe;2018-09-05T12:21;;44.6051;4.79397
14924;Radar fixe;2018-09-05T12:21;;46.16704;1.14424
14925;Radar fixe;2018-09-05T12:21;;46.7362;2.36248
14926;Radar fixe;2018-09-05T12:21;;49.47262;5.59726
14927;Radar fixe;2018-09-05T12:21;;49.55433;0.43557
14928;Radar fixe;2018-09-05T12:21;;47.36322;0.64905
14929;Radar fixe;2018-09-05T12:21;;47.56673;0.95682
14930;Radar fixe;2018-09-05T12:21;;47.56488;0.54927
14931;Radar fixe;2018-09-05T12:21;;48.83665;2.37842
14932;Radar fixe;2018-09-05T12:21;;48.74327;0.85397
14933;Radar fixe;2018-09-05T12:21;;43.54519;6.8259
14934;Radar fixe;2018-09-05T12:21;;48.86462;2.30487
14935;Radar fixe;2018-09-05T12:21;;43.7882;4.29933
14936;Radar fixe;2018-09-05T12:21;;43.7884;4.29921
14937;Radar fixe;2018-09-05T12:21;;48.89171;2.23885
14938;Radar fixe;2018-09-05T12:21;;45.31475;5.51358
14939;Radar fixe;2018-09-05T12:21;;46.1463;5.6332
14940;Radar fixe;2018-09-05T12:21;;49.75073;1.42664
14941;Radar fixe;2018-09-05T12:21;;47.73905;3.73158
14942;Radar fixe;2018-09-05T12:21;;48.80902;2.33953
14943;Radar fixe;2018-09-05T12:21;;43.9196;1.60429
14944;Radar fixe;2018-09-05T12:21;;43.90955;1.79921
14945;Radar fixe;2018-09-05T12:21;;48.861;7.46302
14946;Radar fixe;2018-09-05T12:21;;43.66752;4.62824
14947;Radar fixe;2018-09-05T12:21;;44.94417;4.89039
14948;Radar fixe;2018-09-05T12:21;;42.64977;1.83432
14949;Radar fixe;2018-09-05T12:21;;48.95793;-0.22623
14950;Radar fixe;2018-09-05T12:21;;43.58267;3.88749
14951;Radar fixe;2018-09-05T12:21;;43.65824;7.07415
14952;Radar fixe;2018-09-05T12:21;;45.73516;-0.75166
14953;Radar fixe;2018-09-05T12:21;;48.9669;1.74721
14954;Radar fixe;2018-09-05T12:21;;44.85179;0.02932
14955;Radar fixe;2018-09-05T12:21;;46.66415;0.27807
14956;Radar fixe;2018-09-05T12:21;;44.44755;4.6846
14957;Radar fixe;2018-09-05T12:21;;45.2875;4.73278
14958;Radar fixe;2018-09-05T12:21;;49.9093;3.34225
14959;Radar fixe;2018-09-05T12:21;;49.58333;0.73125
14960;Radar fixe;2018-09-05T12:21;;45.69846;1.36063
14961;Radar fixe;2018-09-05T12:21;;45.8917;1.2553
14962;Radar fixe;2018-09-05T12:21;;45.81461;1.25385
14963;Radar fixe;2018-09-05T12:21;;49.27948;4.04309
14964;Radar fixe;2018-09-05T12:21;;48.681;4.74788
14965;Radar fixe;2018-09-05T12:21;;48.6456;-3.00531
14966;Radar fixe;2018-09-05T12:21;;48.50839;-2.60988
14967;Radar fixe;2018-09-05T12:21;;46.82249;-1.9746
14968;Radar fixe;2018-09-05T12:21;;47.59928;7.38571
14969;Radar fixe;2018-09-05T12:21;;44.41325;2.09555
14970;Radar fixe;2018-09-05T12:21;;47.56518;6.92786
14971;Radar fixe;2018-09-05T12:21;;47.20469;2.3196
14972;Radar fixe;2018-09-05T12:21;;48.16753;-0.09736
14973;Radar fixe;2018-09-05T12:21;;47.85345;-0.02991
14974;Radar fixe;2018-09-05T12:21;;48.40735;0.18193
14975;Radar fixe;2018-09-05T12:21;;48.7281;2.603
14976;Radar fixe;2018-09-05T12:21;;46.82356;-1.77653
14977;Radar fixe;2018-09-05T12:21;;48.79432;2.86412
14978;Radar fixe;2018-09-05T12:21;;45.8018;-0.13494
14979;Radar fixe;2018-09-05T12:21;;45.93421;0.53397
14980;Radar fixe;2018-09-05T12:21;;45.05797;3.8332
14981;Radar fixe;2018-09-05T12:21;;45.28567;3.25591
14982;Radar fixe;2018-09-05T12:21;;46.90872;-0.99762
14983;Radar fixe;2018-09-05T12:21;;45.20982;3.81723
14984;Radar fixe;2018-09-05T12:21;;44.28001;3.78204
14985;Radar fixe;2018-09-05T12:21;;44.52241;3.4211
14986;Radar fixe;2018-09-05T12:21;;43.33898;0.13223
14987;Radar fixe;2018-09-05T12:21;;48.16999;-2.61971
14988;Radar fixe;2018-09-05T12:21;;46.47743;-1.6724
14989;Radar fixe;2018-09-05T12:21;;48.41605;-2.84404
14990;Radar fixe;2018-09-05T12:21;;47.54322;6.50886
14991;Radar fixe;2018-09-05T12:21;;47.79568;6.40216
14992;Radar fixe;2018-09-05T12:21;;47.5657;6.27704
14993;Radar fixe;2018-09-05T12:21;;46.76202;0.55254
14994;Radar fixe;2018-09-05T12:21;;46.61558;-1.3551
14995;Radar fixe;2018-09-05T12:21;;48.2674;4.61052
14996;Radar fixe;2018-09-05T12:21;;48.4827;3.4947
14997;Radar fixe;2018-09-05T12:21;;47.74824;1.04097
14998;Radar fixe;2018-09-05T12:21;;47.11228;-1.96884
14999;Radar fixe;2018-09-05T12:21;;47.43399;-1.82768
15000;Radar fixe;2018-09-05T12:21;;47.44073;-2.07799
15001;Radar fixe;2018-09-05T12:21;;48.89355;-1.50702
15002;Radar fixe;2018-09-05T12:21;;46.51872;-1.43204
15003;Radar fixe;2018-09-05T12:21;;49.2731;3.88627
15004;Radar fixe;2018-09-05T12:21;;43.69223;0.4702
15005;Radar fixe;2018-09-05T12:21;;43.93838;0.64958
15006;Radar fixe;2018-09-05T12:21;;44.94417;4.89056
15007;Radar fixe;2018-09-05T12:21;;45.18742;0.66946
15008;Radar fixe;2018-09-05T12:21;;45.15894;0.71006
15009;Radar fixe;2018-09-05T12:21;;45.12524;0.89715
15010;Radar fixe;2018-09-05T12:21;;44.72395;4.95802
15011;Radar fixe;2018-09-05T12:21;;45.03297;4.86778
15012;Radar fixe;2018-09-05T12:21;;46.86848;1.80215
15013;Radar fixe;2018-09-05T12:21;;45.05524;3.8643
15014;Radar fixe;2018-09-05T12:21;;46.81699;1.62297
15015;Radar fixe;2018-09-05T12:21;;46.57687;2.01247
15016;Radar fixe;2018-09-05T12:21;;47.14024;1.57533
15017;Radar fixe;2018-09-05T12:21;;45.12391;3.7072
15018;Radar fixe;2018-09-05T12:21;;46.37994;5.80634
15019;Radar fixe;2018-09-05T12:21;;48.7377;6.15583
15020;Radar fixe;2018-09-05T12:21;;49.54847;5.77207
15021;Radar fixe;2018-09-05T12:21;;48.67897;6.17663
15022;Radar fixe;2018-09-05T12:21;;46.982;4.7897
15023;Radar fixe;2018-09-05T12:21;;48.65226;0.761
15024;Radar fixe;2018-09-05T12:21;;48.74911;-0.0178
15025;Radar fixe;2018-09-05T12:21;;48.81643;0.31502
15026;Radar fixe;2018-09-05T12:21;;48.80761;-0.56247
15027;Radar fixe;2018-09-05T12:21;;45.00616;2.6541
15028;Radar fixe;2018-09-05T12:21;;48.16183;3.30191
15029;Radar fixe;2018-09-05T12:21;;47.63893;3.49286
15030;Radar fixe;2018-09-05T12:21;;47.26192;-1.49589
15031;Radar fixe;2018-09-05T12:21;;49.98723;3.91794
15032;Radar fixe;2018-09-05T12:21;;44.3969;6.47924
15033;Radar fixe;2018-09-05T12:21;;43.72653;7.34902
15034;Radar fixe;2018-09-05T12:21;;44.62108;4.39633
15035;Radar fixe;2018-09-05T12:21;;47.14772;4.48915
15036;Radar fixe;2018-09-05T12:21;;43.03485;1.89737
15037;Radar fixe;2018-09-05T12:21;;48.28941;4.08516
15038;Radar fixe;2018-09-05T12:21;;44.56794;2.6538
15039;Radar fixe;2018-09-05T12:21;;48.37594;0.88783
15040;Radar fixe;2018-09-05T12:21;;43.41052;5.2843
15041;Radar fixe;2018-09-05T12:21;;48.95187;-1.00797
15042;Radar fixe;2018-09-05T12:21;;45.13225;2.97278
15043;Radar fixe;2018-09-05T12:21;;45.59394;0.2701
15044;Radar fixe;2018-09-05T12:21;;45.19871;1.83346
15045;Radar fixe;2018-09-05T12:21;;41.58136;9.26942
15046;Radar fixe;2018-09-05T12:21;;41.90876;8.71599
15047;Radar fixe;2018-09-05T12:21;;42.6111;9.48231
15048;Radar fixe;2018-09-05T12:21;;48.17581;-2.56429
15049;Radar fixe;2018-09-05T12:21;;46.34075;6.46116
15050;Radar fixe;2018-09-05T12:21;;45.0321;0.31618
15051;Radar fixe;2018-09-05T12:21;;44.61569;4.75749
15052;Radar fixe;2018-09-05T12:21;;44.98155;4.88148
15053;Radar fixe;2018-09-05T12:21;;48.93221;1.11302
15054;Radar fixe;2018-09-05T12:21;;49.36233;0.44208
15055;Radar fixe;2018-09-05T12:21;;48.25584;1.96545
15056;Radar fixe;2018-09-05T12:21;;43.82712;4.51865
15057;Radar fixe;2018-09-05T12:21;;44.00026;4.73763
15058;Radar fixe;2018-09-05T12:21;;43.7598;0.61974
15059;Radar fixe;2018-09-05T12:21;;44.88037;-0.52507
15060;Radar fixe;2018-09-05T12:21;;43.43785;3.70007
15061;Radar fixe;2018-09-05T12:21;;48.54474;-1.91423
15062;Radar fixe;2018-09-05T12:21;;46.63254;1.2565
15063;Radar fixe;2018-09-05T12:21;;46.75071;1.62776
15064;Radar fixe;2018-09-05T12:21;;46.47403;6.0645
15065;Radar fixe;2018-09-05T12:21;;46.86729;5.67538
15066;Radar fixe;2018-09-05T12:21;;45.56151;4.14381
15067;Radar fixe;2018-09-05T12:21;;48.45279;7.71674
15068;Radar fixe;2018-09-05T12:21;;45.31555;4.53309
15069;Radar fixe;2018-09-05T12:21;;47.13053;-1.74001
15070;Radar fixe;2018-09-05T12:21;;47.40598;-1.64298
15071;Radar fixe;2018-09-05T12:21;;47.89767;2.27995
15072;Radar fixe;2018-09-05T12:21;;44.64139;2.07925
15073;Radar fixe;2018-09-05T12:21;;44.37736;0.34103
15074;Radar fixe;2018-09-05T12:21;;44.71325;3.83097
15075;Radar fixe;2018-09-05T12:21;;47.4343;-0.50794
15076;Radar fixe;2018-09-05T12:21;;47.8576;5.37085
15077;Radar fixe;2018-09-05T12:21;;48.52049;4.8102
15078;Radar fixe;2018-09-05T12:21;;46.59743;0.33714
15079;Radar fixe;2018-09-05T12:21;;49.1472;5.38328
15080;Radar fixe;2018-09-05T12:21;;48.01728;-2.79402
15081;Radar fixe;2018-09-05T12:21;;49.3479;6.16564
15082;Radar fixe;2018-09-05T12:21;;50.36118;3.48521
15083;Radar fixe;2018-09-05T12:21;;50.63442;3.08575
15084;Radar fixe;2018-09-05T12:21;;49.45887;1.78127
15085;Radar fixe;2018-09-05T12:21;;49.2046;1.8649
15086;Radar fixe;2018-09-05T12:21;;48.69887;0.32917
15087;Radar fixe;2018-09-05T12:21;;48.57204;0.16915
15088;Radar fixe;2018-09-05T12:21;;50.3919;2.22263
15089;Radar fixe;2018-09-05T12:21;;45.70075;3.00742
15090;Radar fixe;2018-09-05T12:21;;43.50138;-0.31953
15091;Radar fixe;2018-09-05T12:21;;43.30411;-0.32432
15092;Radar fixe;2018-09-05T12:21;;46.55887;0.46534
15093;Radar fixe;2018-09-05T12:21;;43.11674;0.43069
15094;Radar fixe;2018-09-05T12:21;;42.65222;2.55013
15095;Radar fixe;2018-09-05T12:21;;48.52444;7.46588
15096;Radar fixe;2018-09-05T12:21;;48.96515;7.61618
15097;Radar fixe;2018-09-05T12:21;;48.2691;7.32214
15098;Radar fixe;2018-09-05T12:21;;48.1873;7.39147
15099;Radar fixe;2018-09-05T12:21;;45.82676;4.75631
15100;Radar fixe;2018-09-05T12:21;;45.72364;4.89128
15101;Radar fixe;2018-09-05T12:21;;46.68058;4.87309
15102;Radar fixe;2018-09-05T12:22;;48.00592;0.17247
15103;Radar fixe;2018-09-05T12:22;;45.66007;6.38075
15104;Radar fixe;2018-09-05T12:22;;45.57761;5.91991
15105;Radar fixe;2018-09-05T12:22;;46.04423;5.88493
15106;Radar fixe;2018-09-05T12:22;;48.8676;2.1378
15107;Radar fixe;2018-09-05T12:22;;48.46081;1.8927
15108;Radar fixe;2018-09-05T12:22;;46.3403;-0.39921
15109;Radar fixe;2018-09-05T12:22;;46.34057;-0.39667
15110;Radar fixe;2018-09-05T12:22;;43.74586;4.30059
15111;Radar fixe;2018-09-05T12:22;;43.67891;2.22083
15112;Radar fixe;2018-09-05T12:22;;43.75564;1.83712
15113;Radar fixe;2018-09-05T12:22;;44.2155;1.73187
15114;Radar fixe;2018-09-05T12:22;;43.46272;6.6323
15115;Radar fixe;2018-09-05T12:22;;43.90759;4.88861
15116;Radar fixe;2018-09-05T12:22;;44.01694;4.88956
15117;Radar fixe;2018-09-05T12:22;;46.69849;-1.35048
15118;Radar fixe;2018-09-05T12:22;;46.48762;-0.89853
15119;Radar fixe;2018-09-05T12:22;;44.1821;4.0477
15120;Radar fixe;2018-09-05T12:22;;48.06668;3.81182
15121;Radar fixe;2018-09-05T12:22;;47.6015;6.85642
15122;Radar fixe;2018-09-05T12:22;;47.63071;6.87085
15123;Radar fixe;2018-09-05T12:22;;48.61327;2.25471
15124;Radar fixe;2018-09-05T12:22;;48.7365;2.3018
15125;Radar fixe;2018-09-05T12:22;;44.16257;4.56157
15126;Radar fixe;2018-09-05T12:22;;48.89299;2.25972
15127;Radar fixe;2018-09-05T12:22;;48.7728;2.4397
15128;Radar fixe;2018-09-05T12:22;;48.72765;2.54848
15129;Radar fixe;2018-09-05T12:22;;48.9866;2.3788
15130;Radar fixe;2018-09-05T12:22;;49.0336;2.3462
15131;Radar fixe;2018-09-05T12:22;;16.40919;-61.4683
15132;Radar fixe;2018-09-05T12:22;;15.98969;-61.63555
15133;Radar fixe;2018-09-05T12:22;;16.21938;-61.51586
15134;Radar fixe;2018-09-05T12:22;;14.65764;-61.15032
15135;Radar fixe;2018-09-05T12:22;;14.49675;-60.97658
15136;Radar fixe;2018-09-05T12:22;;48.58088;-0.40851
15137;Radar fixe;2018-09-05T12:22;;47.10791;6.31947
15138;Radar fixe;2018-09-05T12:22;;47.36419;0.71341
15139;Radar fixe;2018-09-05T12:22;;49.0502;3.9347
15140;Radar fixe;2018-09-05T12:22;;46.75884;0.1973
15141;Radar fixe;2018-09-05T12:22;;43.87278;1.83694
15142;Radar fixe;2018-09-05T12:22;;48.98471;3.43531
15143;Radar fixe;2018-09-05T12:22;;45.16216;5.75387
15144;Radar fixe;2018-09-05T12:22;;49.89057;4.63058
15145;Radar fixe;2018-09-05T12:22;;48.39674;4.36824
15146;Radar fixe;2018-09-05T12:22;;48.35836;4.10435
15147;Radar fixe;2018-09-05T12:22;;44.33669;3.02821
15148;Radar fixe;2018-09-05T12:22;;49.3148;-1.0953
15149;Radar fixe;2018-09-05T12:22;;45.67;-0.25417
15150;Radar fixe;2018-09-05T12:22;;45.34614;5.50762
15151;Radar fixe;2018-09-05T12:22;;45.69032;-1.02403
15152;Radar fixe;2018-09-05T12:22;;45.10426;0.83659
15153;Radar fixe;2018-09-05T12:22;;47.30847;6.1887
15154;Radar fixe;2018-09-05T12:22;;48.49737;1.70422
15155;Radar fixe;2018-09-05T12:22;;45.15639;-0.81875
15156;Radar fixe;2018-09-05T12:22;;48.32737;-1.09983
15157;Radar fixe;2018-09-05T12:22;;46.97565;1.16756
15158;Radar fixe;2018-09-05T12:22;;45.12923;5.77763
15159;Radar fixe;2018-09-05T12:22;;47.15435;-0.18349
15160;Radar fixe;2018-09-05T12:22;;47.59581;-0.58857
15161;Radar fixe;2018-09-05T12:22;;48.05173;-0.46373
15162;Radar fixe;2018-09-05T12:22;;48.751;7.16429
15163;Radar fixe;2018-09-05T12:22;;50.338;3.50632
15164;Radar fixe;2018-09-05T12:22;;49.2176;2.23185
15165;Radar fixe;2018-09-05T12:22;;45.46271;5.99494
15166;Radar fixe;2018-09-05T12:22;;50.30102;2.78397
15167;Radar fixe;2018-09-05T12:22;;48.40193;7.62569
15168;Radar fixe;2018-09-05T12:22;;45.78817;4.78431
15169;Radar fixe;2018-09-05T12:22;;44.77214;-0.55531
15170;Radar fixe;2018-09-05T12:22;;47.9294;0.7545
15171;Radar fixe;2018-09-05T12:22;;45.70355;5.78429
15172;Radar fixe;2018-09-05T12:22;;49.0194;1.61083
15173;Radar fixe;2018-09-05T12:22;;46.65385;-0.09429
15174;Radar fixe;2018-09-05T12:22;;49.753;2.18313
15175;Radar fixe;2018-09-05T12:22;;44.07468;1.28336
15176;Radar fixe;2018-09-05T12:22;;44.79351;-0.53976
15177;Radar fixe;2018-09-05T12:22;;46.71917;-1.67347
15178;Radar fixe;2018-09-05T12:22;;48.22701;6.51829
15179;Radar fixe;2018-09-05T12:22;;48.41031;2.68374
15180;Radar fixe;2018-09-05T12:22;;16.21055;-61.60186
15181;Radar fixe;2018-09-05T12:22;;47.64947;1.44408
15182;Radar fixe;2018-09-05T12:22;;14.52781;-60.99508
15183;Radar fixe;2018-09-05T12:22;;43.59885;3.84185
15184;Radar fixe;2018-09-05T12:22;;43.99928;1.36462
15185;Radar fixe;2018-09-05T12:22;;43.70612;4.56063
15186;Radar fixe;2018-09-05T12:22;;49.53424;4.37601
15187;Radar fixe;2018-09-05T12:22;;47.32982;1.69688
15188;Radar fixe;2018-09-05T12:22;;47.1733;5.49532
15189;Radar fixe;2018-09-05T12:22;;44.20592;0.52788
15190;Radar fixe;2018-09-05T12:22;;44.39854;0.72234
15191;Radar fixe;2018-09-05T12:22;;44.15805;0.31255
15192;Radar fixe;2018-09-05T12:22;;48.87912;2.34761
15193;Radar fixe;2018-09-05T12:22;;44.3139;2.30028
15194;Radar fixe;2018-09-05T12:22;;48.09194;-1.62729
15195;Radar fixe;2018-09-05T12:22;;49.2148;3.3708
15196;Radar fixe;2018-09-05T12:22;;44.87798;0.51414
15197;Radar fixe;2018-09-05T12:22;;48.63505;2.14675
15198;Radar fixe;2018-09-05T12:22;;48.6399;2.1536
15199;Radar fixe;2018-09-05T12:22;;47.66071;-2.85972
15200;Radar fixe;2018-09-05T12:22;;46.56029;0.28586
15201;Radar fixe;2018-09-05T12:22;;48.05751;0.23942
15202;Radar fixe;2018-09-05T12:22;;47.94103;-2.61632
15203;Radar fixe;2018-09-05T12:22;;4.91361;-52.3294
15204;Radar fixe;2018-09-05T12:22;;5.01137;-52.46997
15205;Radar fixe;2018-09-05T12:22;;48.02236;-2.96193
15206;Radar fixe;2018-09-05T12:22;;43.42639;4.97056
15207;Radar fixe;2018-09-05T12:22;;47.60314;1.34772
15208;Radar fixe;2018-09-05T12:22;;45.86378;5.14823
15209;Radar fixe;2018-09-05T12:22;;47.40195;0.86886
15210;Radar fixe;2018-09-05T12:22;;44.036;6.10951
15211;Radar fixe;2018-09-05T12:22;;43.89695;5.83294
15212;Radar fixe;2018-09-05T12:22;;43.857;5.60383
15213;Radar fixe;2018-09-05T12:22;;48.61929;-3.77442
15214;Radar fixe;2018-09-05T12:22;;43.85506;-0.41901
15215;Radar fixe;2018-09-05T12:22;;43.67138;-0.97082
15216;Radar fixe;2018-09-05T12:22;;46.94606;3.15818
15217;Radar fixe;2018-09-05T12:22;;43.41146;5.02967
15218;Radar fixe;2018-09-05T12:22;;42.47175;3.00028
15219;Radar fixe;2018-09-05T12:22;;43.58045;1.39584
15220;Radar fixe;2018-09-05T12:22;;48.03702;5.40145
15221;Radar fixe;2018-09-05T12:22;;50.33798;3.50635
15222;Radar fixe;2018-09-05T12:22;;49.81874;3.87774
15223;Radar fixe;2018-09-05T12:22;;49.31047;3.63425
15224;Radar fixe;2018-09-05T12:22;;47.19126;0.29608
15225;Radar fixe;2018-09-05T12:22;;47.87144;2.73776
15226;Radar fixe;2018-09-05T12:22;;43.19748;1.63099
15227;Radar fixe;2018-09-05T12:22;;44.20466;0.33535
15228;Radar fixe;2018-09-05T12:22;;43.53962;-0.80445
15229;Radar fixe;2018-09-05T12:22;;43.37367;-0.8527
15230;Radar fixe;2018-09-05T12:22;;45.50739;4.97984
15231;Radar fixe;2018-09-05T12:22;;45.73738;5.23302
15232;Radar fixe;2018-09-05T12:22;;44.85775;5.61003
15233;Radar fixe;2018-09-05T12:22;;48.7184;2.2926
15234;Radar fixe;2018-09-05T12:22;;48.44338;1.95733
15235;Radar fixe;2018-09-05T12:22;;49.51764;3.75298
15236;Radar fixe;2018-09-05T12:22;;49.83924;3.47466
15237;Radar fixe;2018-09-05T12:22;;43.4126;-1.61678
15238;Radar fixe;2018-09-05T12:22;;50.4668;2.83171
15239;Radar fixe;2018-09-05T12:22;;49.99945;1.53853
15240;Radar fixe;2018-09-05T12:22;;49.87371;2.71665
15241;Radar fixe;2018-09-05T12:22;;50.25414;1.66159
15242;Radar fixe;2018-09-05T12:22;;48.97834;1.72017
15243;Radar fixe;2018-09-05T12:22;;48.77981;2.18948
15244;Radar fixe;2018-09-05T12:22;;48.8867;2.0984
15245;Radar fixe;2018-09-05T12:22;;48.6319;2.5256
15246;Radar fixe;2018-09-05T12:22;;44.26005;0.73406
15247;Radar fixe;2018-09-05T12:22;;42.66046;2.8831
15248;Radar fixe;2018-09-05T12:22;;47.32157;1.07752
15249;Radar fixe;2018-09-05T12:22;;43.35347;-0.49054
15250;Radar fixe;2018-09-05T12:22;;43.24289;-0.00655
15251;Radar fixe;2018-09-05T12:22;;45.75192;4.83294
15252;Radar fixe;2018-09-05T12:22;;43.92146;2.21311
15253;Radar fixe;2018-09-05T12:22;;43.58748;1.79932
15254;Radar fixe;2018-09-05T12:22;;44.06671;1.41715
15255;Radar fixe;2018-09-05T12:22;;47.7487;7.11663
15256;Radar fixe;2018-09-05T12:22;;47.60741;7.52692
15257;Radar fixe;2018-09-05T12:22;;47.97092;7.37127
15258;Radar fixe;2018-09-05T12:22;;48.77228;2.34565
15259;Radar fixe;2018-09-05T12:22;;48.813;2.42716
15260;Radar fixe;2018-09-05T12:22;;47.63772;-2.67243
15261;Radar fixe;2018-09-05T12:22;;47.71148;-3.22242
15262;Radar fixe;2018-09-05T12:22;;47.73969;-2.43818
15263;Radar fixe;2018-09-05T12:22;;46.19877;1.29332
15264;Radar fixe;2018-09-05T12:22;;46.05168;1.11844
15265;Radar fixe;2018-09-05T12:22;;46.84953;0.49934
15266;Radar fixe;2018-09-05T12:22;;46.58836;0.3628
15267;Radar fixe;2018-09-05T12:22;;48.74519;1.28331
15268;Radar fixe;2018-09-05T12:22;;45.85372;0.18496
15269;Radar fixe;2018-09-05T12:22;;45.34126;4.25068
15270;Radar fixe;2018-09-05T12:22;;44.31025;0.71594
15271;Radar fixe;2018-09-05T12:22;;45.1723;3.52457
15272;Radar fixe;2018-09-05T12:22;;42.51934;2.79942
15273;Radar fixe;2018-09-05T12:22;;42.65948;2.80828
15274;Radar fixe;2018-09-05T12:22;;44.5744;-0.31764
15275;Radar fixe;2018-09-05T12:22;;44.52011;3.30513
15276;Radar fixe;2018-09-05T12:22;;47.91463;0.82024
15277;Radar fixe;2018-09-05T12:22;;44.53994;0.29709
15278;Radar fixe;2018-09-05T12:22;;47.38948;2.05496
15279;Radar fixe;2018-09-05T12:22;;47.55821;1.29675
15280;Radar fixe;2018-09-05T12:22;;48.06064;-1.30531
15281;Radar fixe;2018-09-05T12:22;;47.20207;-1.48392
15282;Radar fixe;2018-09-05T12:22;;47.32609;-1.47804
15283;Radar fixe;2018-09-05T12:22;;47.05021;-1.36625
15284;Radar fixe;2018-09-05T12:22;;46.79135;1.59803
15285;Radar fixe;2018-09-05T12:22;;46.4287;1.47534
15286;Radar fixe;2018-09-05T12:22;;44.34729;0.10729
15287;Radar fixe;2018-09-05T12:22;;46.9769;2.06929
15288;Radar fixe;2018-09-05T12:22;;47.95941;0.17798
15289;Radar fixe;2018-09-05T12:22;;47.97951;0.20027
15290;Radar fixe;2018-09-05T12:22;;49.51508;0.99485
15291;Radar fixe;2018-09-05T12:22;;45.38163;1.67137
15292;Radar fixe;2018-09-05T12:22;;45.43246;2.04453
15293;Radar fixe;2018-09-05T12:22;;47.44134;5.87553
15294;Radar fixe;2018-09-05T12:22;;47.87434;1.84459
15295;Radar fixe;2018-09-05T12:22;;48.02818;2.95801
15296;Radar fixe;2018-09-05T12:22;;48.07385;2.76789
15297;Radar fixe;2018-09-05T12:22;;46.4052;0.39163
15298;Radar fixe;2018-09-05T12:22;;44.49207;1.00362
15299;Radar fixe;2018-09-05T12:22;;44.2589;0.35346
15300;Radar fixe;2018-09-05T12:22;;45.46835;5.5816
15301;Radar fixe;2018-09-05T12:22;;45.10926;6.00711
15302;Radar fixe;2018-09-05T12:22;;42.68238;9.44668
15303;Radar fixe;2018-09-05T12:22;;48.45613;-2.08001
15304;Radar fixe;2018-09-05T12:22;;43.53652;-0.65719
15305;Radar fixe;2018-09-05T12:22;;43.30845;-1.35699
15306;Radar fixe;2018-09-05T12:22;;43.7769;7.27639
15307;Radar fixe;2018-09-05T12:22;;43.66072;7.15837
15308;Radar fixe;2018-09-05T12:22;;45.48539;6.14529
15309;Radar fixe;2018-09-05T12:22;;45.50398;6.30625
15310;Radar fixe;2018-09-05T12:22;;45.5056;5.71899
15311;Radar fixe;2018-09-05T12:22;;44.94132;4.78675
15312;Radar fixe;2018-09-05T12:22;;46.04633;6.25894
15313;Radar fixe;2018-09-05T12:22;;46.0686;6.44769
15314;Radar fixe;2018-09-05T12:22;;45.76604;6.24829
15315;Radar fixe;2018-09-05T12:22;;41.41069;9.1738
15316;Radar fixe;2018-09-05T12:22;;41.6525;9.30059
15317;Radar fixe;2018-09-05T12:22;;41.66385;8.91863
15318;Radar fixe;2018-09-05T12:22;;48.4641;2.18068
15319;Radar fixe;2018-09-05T12:22;;43.96119;2.17115
15320;Radar fixe;2018-09-05T12:22;;43.96172;2.17169
15321;Radar fixe;2018-09-05T12:22;;46.67067;-1.459
15322;Radar fixe;2018-09-05T12:22;;46.87029;-1.93763
15323;Radar fixe;2018-09-05T12:22;;49.6981;3.2702
15324;Radar fixe;2018-09-05T12:22;;46.54063;3.66826
15325;Radar fixe;2018-09-05T12:22;;46.30013;2.64596
15326;Radar fixe;2018-09-05T12:22;;46.12851;3.37707
15327;Radar fixe;2018-09-05T12:22;;46.18532;5.10748
15328;Radar fixe;2018-09-05T12:22;;45.80659;5.77397
15329;Radar fixe;2018-09-05T12:22;;48.72778;2.54859
15330;Radar fixe;2018-09-05T12:22;;46.30657;6.06612
15331;Radar fixe;2018-09-05T12:22;;47.53213;0.83942
15332;Radar fixe;2018-09-05T12:22;;47.15862;0.64685
15333;Radar fixe;2018-09-05T12:22;;47.70314;5.93995
15334;Radar fixe;2018-09-05T12:22;;47.54967;6.77477
15335;Radar fixe;2018-09-05T12:22;;47.21871;-1.64994
15336;Radar fixe;2018-09-05T12:22;;48.8314;2.6426
15337;Radar fixe;2018-09-05T12:22;;48.5815;2.9621
15338;Radar fixe;2018-09-05T12:22;;43.88561;4.94633
15339;Radar fixe;2018-09-05T12:22;;43.88165;5.03972
15340;Radar fixe;2018-09-05T12:22;;44.06161;4.97622
15341;Radar fixe;2018-09-05T12:22;;49.64888;2.75215
15342;Radar fixe;2018-09-05T12:22;;14.59177;-60.98356
15343;Radar fixe;2018-09-05T12:22;;14.63278;-60.9775
15344;Radar fixe;2018-09-05T12:22;;14.59527;-60.87277
15345;Radar fixe;2018-09-05T12:22;;43.22008;0.06637
15346;Radar fixe;2018-09-05T12:22;;48.34083;0.75889
15347;Radar fixe;2018-09-05T12:22;;48.68908;0.66937
15348;Radar fixe;2018-09-05T12:22;;48.56347;-0.70897
15349;Radar fixe;2018-09-05T12:22;;49.52216;4.36342
15350;Radar fixe;2018-09-05T12:22;;49.8079;4.74275
15351;Radar fixe;2018-09-05T12:22;;49.6913;4.91724
15352;Radar fixe;2018-09-05T12:22;;43.511386;5.421242
15353;Radar fixe;2018-09-05T12:22;;43.48924;5.63196
15354;Radar fixe;2018-09-05T12:22;;43.64404;5.55336
15355;Radar fixe;2018-09-05T12:22;;15.99802;-61.60533
15356;Radar fixe;2018-09-05T12:22;;16.23458;-61.58975
15357;Radar fixe;2018-09-05T12:22;;43.84671;4.93062
15358;Radar fixe;2018-09-05T12:22;;46.02538;2.13442
15359;Radar fixe;2018-09-05T12:22;;45.96929;1.78849
15360;Radar fixe;2018-09-05T12:22;;50.05332;3.93013
15361;Radar fixe;2018-09-05T12:22;;50.72106;2.74673
15362;Radar fixe;2018-09-05T12:22;;44.00963;6.26485
15363;Radar fixe;2018-09-05T12:22;;47.87007;-3.59531
15364;Radar fixe;2018-09-05T12:22;;43.96279;6.73998
15365;Radar fixe;2018-09-05T12:22;;48.83699;-1.50303
15366;Radar fixe;2018-09-05T12:22;;48.58703;-1.13328
15367;Radar fixe;2018-09-05T12:22;;44.66073;6.6048
15368;Radar fixe;2018-09-05T12:22;;44.64784;6.08645
15369;Radar fixe;2018-09-05T12:22;;49.0115;1.32861
15370;Radar fixe;2018-09-05T12:22;;48.82597;1.01145
15371;Radar fixe;2018-09-05T12:22;;49.01197;1.3162
15372;Radar fixe;2018-09-05T12:22;;43.65794;7.18503
15373;Radar fixe;2018-09-05T12:22;;43.38265;3.30629
15374;Radar fixe;2018-09-05T12:22;;43.42382;3.55176
15375;Radar fixe;2018-09-05T12:22;;46.99567;3.11778
15376;Radar fixe;2018-09-05T12:22;;47.0018;3.09993
15377;Radar fixe;2018-09-05T12:22;;46.99529;3.1326
15378;Radar fixe;2018-09-05T12:22;;48.92523;2.39371
15379;Radar fixe;2018-09-05T12:22;;48.88166;2.47448
15380;Radar fixe;2018-09-05T12:22;;49.33538;1.38434
15381;Radar fixe;2018-09-05T12:22;;48.1522;6.56554
15382;Radar fixe;2018-09-05T12:22;;48.2614;4.08528
15383;Radar fixe;2018-09-05T12:22;;48.47226;3.46008
15384;Radar fixe;2018-09-05T12:22;;48.7456;1.2822
15385;Radar fixe;2018-09-05T12:22;;48.4611;3.89596
15386;Radar fixe;2018-09-05T12:22;;48.94527;2.06125
15387;Radar fixe;2018-09-05T12:22;;49.14244;2.54018
15388;Radar fixe;2018-09-05T12:22;;42.7512;1.77227
15389;Radar fixe;2018-09-05T12:22;;42.85711;1.60132
15390;Radar fixe;2018-09-05T12:22;;43.02396;1.58974
15391;Radar fixe;2018-09-05T12:22;;49.05014;2.14312
15392;Radar fixe;2018-09-05T12:22;;49.16919;1.75875
15393;Radar fixe;2018-09-05T12:22;;49.0886;2.4154
15394;Radar fixe;2018-09-05T12:22;;49.06125;2.08489
15395;Radar fixe;2018-09-05T12:22;;46.21388;1.41
15396;Radar fixe;2018-09-05T12:22;;46.41212;4.92693
15397;Radar fixe;2018-09-05T12:22;;46.07797;5.42775
15398;Radar fixe;2018-09-05T12:22;;46.59105;3.47675
15399;Radar fixe;2018-09-05T12:22;;46.32208;2.86727
15400;Radar fixe;2018-09-05T12:22;;44.05884;6.2068
15401;Radar fixe;2018-09-05T12:22;;44.47492;4.35969
15402;Radar fixe;2018-09-05T12:22;;44.70522;4.65451
15403;Radar fixe;2018-09-05T12:22;;44.659;4.29686
15404;Radar fixe;2018-09-05T12:22;;49.39841;4.71814
15405;Radar fixe;2018-09-05T12:22;;49.65627;4.88658
15406;Radar fixe;2018-09-05T12:22;;49.3195;0.13222
15407;Radar fixe;2018-09-05T12:22;;45.28102;0.04335
15408;Radar fixe;2018-09-05T12:22;;45.77501;-0.6953
15409;Radar fixe;2018-09-05T12:22;;48.49982;-2.95129
15410;Radar fixe;2018-09-05T12:22;;49.22091;1.64506
15411;Radar fixe;2018-09-05T12:22;;41.56735;9.25707
15412;Radar fixe;2018-09-05T12:22;;42.58693;9.50569
15413;Radar fixe;2018-09-05T12:22;;43.6742;-0.0933
15414;Radar fixe;2018-09-05T12:22;;43.91485;0.32427
15415;Radar fixe;2018-09-05T12:22;;43.5574;0.61058
15416;Radar fixe;2018-09-05T12:22;;44.97506;-1.00513
15417;Radar fixe;2018-09-05T12:22;;48.13248;-1.70841
15418;Radar fixe;2018-09-05T12:22;;48.18909;-1.18254
15419;Radar fixe;2018-09-05T12:22;;46.8288;1.81975
15420;Radar fixe;2018-09-05T12:22;;47.09909;1.86836
15421;Radar fixe;2018-09-05T12:22;;47.30555;0.4393
15422;Radar fixe;2018-09-05T12:22;;45.35155;4.89746
15423;Radar fixe;2018-09-05T12:22;;46.45838;3.36763
15424;Radar fixe;2018-09-05T12:22;;45.41628;4.4055
15425;Radar fixe;2018-09-05T12:22;;45.16322;4.07776
15426;Radar fixe;2018-09-05T12:22;;47.46066;-2.07663
15427;Radar fixe;2018-09-05T12:22;;47.11442;-1.28277
15428;Radar fixe;2018-09-05T12:22;;47.68875;1.95795
15429;Radar fixe;2018-09-05T12:22;;48.2057;2.23879
15430;Radar fixe;2018-09-05T12:22;;46.48816;3.34482
15431;Radar fixe;2018-09-05T12:22;;49.44407;-1.71021
15432;Radar fixe;2018-09-05T12:22;;47.86337;-2.81939
15433;Radar fixe;2018-09-05T12:22;;48.0257;-2.95799
15434;Radar fixe;2018-09-05T12:22;;49.154;6.84617
15435;Radar fixe;2018-09-05T12:22;;49.1442;7.04166
15436;Radar fixe;2018-09-05T12:22;;46.96559;3.157
15437;Radar fixe;2018-09-05T12:22;;49.38147;2.61933
15438;Radar fixe;2018-09-05T12:22;;46.31823;2.62209
15439;Radar fixe;2018-09-05T12:22;;49.60331;2.32082
15440;Radar fixe;2018-09-05T12:22;;42.63772;3.0331
15441;Radar fixe;2018-09-05T12:22;;48.07047;0.53176
15442;Radar fixe;2018-09-05T12:22;;47.72732;-0.1134
15443;Radar fixe;2018-09-05T12:22;;45.76082;6.38952
15444;Radar fixe;2018-09-05T12:22;;48.30506;2.5085
15445;Radar fixe;2018-09-05T12:22;;46.34618;3.28518
15446;Radar fixe;2018-09-05T12:22;;43.56642;1.89653
15447;Radar fixe;2018-09-05T12:22;;43.85732;1.92803
15448;Radar fixe;2018-09-05T12:22;;43.99464;1.3148
15449;Radar fixe;2018-09-05T12:22;;43.95618;1.44075
15450;Radar fixe;2018-09-05T12:22;;43.81315;1.1969
15451;Radar fixe;2018-09-05T12:22;;46.48796;3.34468
15452;Radar fixe;2018-09-05T12:22;;44.07771;1.09206
15453;Radar fixe;2018-09-05T12:22;;43.89726;1.02568
15454;Radar fixe;2018-09-05T12:22;;43.86075;5.21596
15455;Radar fixe;2018-09-05T12:22;;44.1952;4.73481
15456;Radar fixe;2018-09-05T12:22;;46.79908;-1.4472
15457;Radar fixe;2018-09-05T12:22;;45.82071;1.19368
15458;Radar fixe;2018-09-05T12:22;;46.00455;1.33776
15459;Radar fixe;2018-09-05T12:22;;48.8259;2.2016
15460;Radar fixe;2018-09-05T12:22;;48.81546;2.22413
15461;Radar fixe;2018-09-05T12:22;;48.81114;2.33759
15462;Radar fixe;2018-09-05T12:22;;16.2083;-61.62941
15463;Radar fixe;2018-09-05T12:22;;16.21694;-61.48272
15464;Radar fixe;2018-09-05T12:22;;14.7458;-60.97556
15465;Radar fixe;2018-09-05T12:22;;14.63194;-60.97806
15466;Radar fixe;2018-09-05T12:22;;49.60709;3.50458
15467;Radar fixe;2018-09-05T12:22;;43.65772;7.18412
15468;Radar fixe;2018-09-05T12:22;;43.64319;7.13355
15469;Radar fixe;2018-09-05T12:22;;43.70008;7.29595
15470;Radar fixe;2018-09-05T12:22;;48.1988;4.76694
15471;Radar fixe;2018-09-05T12:22;;49.17677;-0.51502
15472;Radar fixe;2018-09-05T12:22;;49.23979;-0.18859
15473;Radar fixe;2018-09-05T12:22;;48.88638;-0.23823
15474;Radar fixe;2018-09-05T12:22;;48.91197;-0.48917
15475;Radar fixe;2018-09-05T12:22;;45.91933;0.74463
15476;Radar fixe;2018-09-05T12:22;;41.95942;9.39676
15477;Radar fixe;2018-09-05T12:22;;48.76484;-3.0797
15478;Radar fixe;2018-09-05T12:22;;44.86983;1.24402
15479;Radar fixe;2018-09-05T12:22;;45.20756;0.81882
15480;Radar fixe;2018-09-05T12:22;;47.28373;6.82142
15481;Radar fixe;2018-09-05T12:22;;46.9789;6.44162
15482;Radar fixe;2018-09-05T12:22;;47.25103;6.00963
15483;Radar fixe;2018-09-05T12:22;;47.32595;6.78399
15484;Radar fixe;2018-09-05T12:22;;44.42468;4.73459
15485;Radar fixe;2018-09-05T12:22;;44.83237;4.90439
15486;Radar fixe;2018-09-05T12:22;;45.04868;4.99104
15487;Radar fixe;2018-09-05T12:22;;49.3905;0.5142
15488;Radar fixe;2018-09-05T12:22;;47.20167;5.99465
15489;Radar fixe;2018-09-05T12:22;;43.68103;1.25909
15490;Radar fixe;2018-09-05T12:22;;43.56785;1.41283
15491;Radar fixe;2018-09-05T12:22;;43.32264;3.08835
15492;Radar fixe;2018-09-05T12:22;;48.76382;4.58534
15493;Radar fixe;2018-09-05T12:22;;49.27827;3.84392
15494;Radar fixe;2018-09-05T12:22;;49.30696;3.9876
15495;Radar fixe;2018-09-05T12:22;;49.1622;4.01147
15496;Radar fixe;2018-09-05T12:22;;48.05891;-0.77082
15497;Radar fixe;2018-09-05T12:22;;43.60889;3.84148
15498;Radar fixe;2018-09-05T12:22;;48.03263;-0.70329
15499;Radar fixe;2018-09-05T12:22;;48.02367;-0.7339
15500;Radar fixe;2018-09-05T12:22;;48.7198;6.16654
15501;Radar fixe;2018-09-05T12:22;;48.4608;6.24246
15502;Radar fixe;2018-09-05T12:22;;50.71186;3.12333
15503;Radar fixe;2018-09-05T12:22;;43.61548;-1.39825
15504;Radar fixe;2018-09-05T12:22;;50.31572;3.36908
15505;Radar fixe;2018-09-05T12:22;;49.54107;2.72734
15506;Radar fixe;2018-09-05T12:22;;48.79806;0.00732
15507;Radar fixe;2018-09-05T12:22;;45.94626;3.15843
15508;Radar fixe;2018-09-05T12:22;;45.82752;3.44012
15509;Radar fixe;2018-09-05T12:22;;43.54221;-0.94774
15510;Radar fixe;2018-09-05T12:22;;48.6018;7.65004
15511;Radar fixe;2018-09-05T12:22;;48.84659;7.20721
15512;Radar fixe;2018-09-05T12:22;;46.54457;4.175
15513;Radar fixe;2018-09-05T12:22;;47.78566;1.31281
15514;Radar fixe;2018-09-05T12:22;;46.15916;6.35936
15515;Radar fixe;2018-09-05T12:22;;48.7225;2.6984
15516;Radar fixe;2018-09-05T12:22;;48.7812;2.01914
15517;Radar fixe;2018-09-05T12:22;;48.72478;1.89152
15518;Radar fixe;2018-09-05T12:22;;49.94314;2.85223
15519;Radar fixe;2018-09-05T12:22;;47.67022;0.97073
15520;Radar fixe;2018-09-05T12:22;;46.8157;0.44463
15521;Radar fixe;2018-09-05T12:22;;47.87781;3.59389
15522;Radar fixe;2018-09-05T12:22;;48.06668;3.81161
15523;Radar fixe;2018-09-05T12:22;;47.7403;3.60491
15524;Radar fixe;2018-09-05T12:22;;47.07068;-0.90195
15525;Radar fixe;2018-09-05T12:22;;-21.06341;55.70873
15526;Radar fixe;2018-09-05T12:22;;45.79046;4.81196
15527;Radar fixe;2018-09-05T12:22;;45.79056;4.81219
15528;Radar fixe;2018-09-05T12:22;;45.86772;4.54473
15529;Radar fixe;2018-09-05T12:22;;47.53486;-0.0775
15530;Radar fixe;2018-09-05T12:22;;45.57498;4.71759
15531;Radar fixe;2018-09-05T12:22;;44.32319;5.7988
15532;Radar fixe;2018-09-05T12:22;;44.56196;5.9202
15533;Radar fixe;2018-09-05T12:22;;45.3689;4.30617
15534;Radar fixe;2018-09-05T12:22;;47.49646;-0.56276
15535;Radar fixe;2018-09-05T12:22;;47.49088;-0.59243
15536;Radar fixe;2018-09-05T12:22;;47.41574;-0.16805
15537;Radar fixe;2018-09-05T12:22;;47.28696;-0.65008
15538;Radar fixe;2018-09-05T12:22;;47.53002;-0.42041
15539;Radar fixe;2018-09-05T12:22;;47.61429;-0.76609
15540;Radar fixe;2018-09-05T12:22;;48.56124;0.17585
15541;Radar fixe;2018-09-05T12:22;;47.493;-0.76309
15542;Radar fixe;2018-09-05T12:22;;48.53353;0.16232
15543;Radar fixe;2018-09-05T12:22;;45.5892;4.81075
15544;Radar fixe;2018-09-05T12:22;;47.43021;-0.71574
15545;Radar fixe;2018-09-05T12:22;;47.40671;6.47455
15546;Radar fixe;2018-09-05T12:22;;48.56903;6.82128
15547;Radar fixe;2018-09-05T12:22;;44.52669;4.33863
15548;Radar fixe;2018-09-05T12:22;;43.74869;0.33597
15549;Radar fixe;2018-09-05T12:22;;46.99612;2.50874
15550;Radar fixe;2018-09-05T12:23;;47.71086;6.52219
15551;Radar fixe;2018-09-05T12:23;;47.31614;5.74183
15552;Radar fixe;2018-09-05T12:23;;47.68499;6.10766
15553;Radar fixe;2018-09-05T12:23;;48.62715;0.12979
15554;Radar fixe;2018-09-05T12:23;;42.51095;9.38193
15555;Radar fixe;2018-09-05T12:23;;42.50639;9.36523
15556;Radar fixe;2018-09-05T12:23;;49.3172;6.08166
15557;Radar fixe;2018-09-05T12:23;;44.80016;3.88529
15558;Radar fixe;2018-09-05T12:23;;48.85373;2.35646
15559;Radar fixe;2018-09-05T12:23;;48.05884;-0.7707
15560;Radar fixe;2018-09-05T12:23;;47.7235;-0.00997
15561;Radar fixe;2018-09-05T12:23;;49.15;6.18399
15562;Radar fixe;2018-09-05T12:23;;45.9246;6.76261
15563;Radar fixe;2018-09-05T12:23;;46.32624;6.3561
15564;Radar fixe;2018-09-05T12:23;;45.95163;6.11821
15565;Radar fixe;2018-09-05T12:23;;48.39021;2.69002
15566;Radar fixe;2018-09-05T12:23;;43.55367;5.4222
15567;Radar fixe;2018-09-05T12:23;;43.6549;5.49348
15568;Radar fixe;2018-09-05T12:23;;43.40511;5.28284
15569;Radar fixe;2018-09-05T12:23;;48.97205;2.09043
15570;Radar fixe;2018-09-05T12:23;;48.35658;2.98872
15571;Radar fixe;2018-09-05T12:23;;50.0692;2.32338
15572;Radar fixe;2018-09-05T12:23;;16.09661;-61.56308
15573;Radar fixe;2018-09-05T12:23;;16.25425;-61.56169
15574;Radar fixe;2018-09-05T12:23;;16.23322;-61.52375
15575;Radar fixe;2018-09-05T12:23;;45.78493;3.11929
15576;Radar fixe;2018-09-05T12:23;;45.98455;3.18423
15577;Radar fixe;2018-09-05T12:23;;49.46706;3.34813
15578;Radar fixe;2018-09-05T12:23;;49.54973;3.62053
15579;Radar fixe;2018-09-05T12:23;;45.21991;-0.87326
15580;Radar fixe;2018-09-05T12:23;;49.34809;6.16465
15581;Radar fixe;2018-09-05T12:23;;45.63948;0.14471
15582;Radar fixe;2018-09-05T12:23;;48.829;2.47952
15583;Radar fixe;2018-09-05T12:23;;49.01956;2.09794
15584;Radar fixe;2018-09-05T12:23;;48.93396;2.24145
15585;Radar fixe;2018-09-05T12:23;;43.68589;7.19763
15586;Radar fixe;2018-09-05T12:23;;45.12796;1.33469
15587;Radar fixe;2018-09-05T12:23;;43.79627;4.79282
15588;Radar fixe;2018-09-05T12:23;;43.28424;5.40459
15589;Radar fixe;2018-09-05T12:23;;43.88208;2.17063
15590;Radar fixe;2018-09-05T12:23;;46.05976;5.0802
15591;Radar fixe;2018-09-05T12:23;;46.31282;5.3046
15592;Radar fixe;2018-09-05T12:23;;45.88464;4.91503
15593;Radar fixe;2018-09-05T12:23;;46.04892;4.87074
15594;Radar fixe;2018-09-05T12:23;;46.09901;5.31006
15595;Radar fixe;2018-09-05T12:23;;49.35298;5.86242
15596;Radar fixe;2018-09-05T12:23;;48.68305;6.13981
15597;Radar fixe;2018-09-05T12:23;;46.15197;6.25291
15598;Radar fixe;2018-09-05T12:23;;48.96191;2.54522
15599;Radar fixe;2018-09-05T12:23;;47.78205;-0.70863
15600;Radar fixe;2018-09-05T12:23;;48.27561;-0.52357
15601;Radar fixe;2018-09-05T12:23;;47.77195;-3.37782
15602;Radar fixe;2018-09-05T12:23;;-21.23267;55.29785
15603;Radar fixe;2018-09-05T12:23;;48.52462;7.65873
15604;Radar fixe;2018-09-05T12:23;;48.24129;7.47378
15605;Radar fixe;2018-09-05T12:23;;43.61997;0.9129
15606;Radar fixe;2018-09-05T12:23;;48.07877;6.78719
15607;Radar fixe;2018-09-05T12:23;;48.38485;6.9427
15608;Radar fixe;2018-09-05T12:23;;48.19455;6.45728
15609;Radar fixe;2018-09-05T12:23;;49.00193;2.38499
15610;Radar fixe;2018-09-05T12:23;;46.8444;3.42133
15611;Radar fixe;2018-09-05T12:23;;46.292;6.2728
15612;Radar fixe;2018-09-05T12:23;;46.1839;6.2467
15613;Radar fixe;2018-09-05T12:23;;47.00293;-1.15165
15614;Radar fixe;2018-09-05T12:23;;48.616;2.4557
15615;Radar fixe;2018-09-05T12:23;;46.588;2.6169
15616;Radar fixe;2018-09-05T12:23;;45.142;3.9201
15617;Radar fixe;2018-09-05T12:23;;44.434;0.262
15618;Radar fixe;2018-09-05T12:23;;44.129;0.548
15619;Radar fixe;2018-09-05T12:23;;42.917;1.6385
15620;Radar fixe;2018-09-05T12:23;;43.887;4.5005
15621;Radar fixe;2018-09-05T12:23;;43.983;4.264
15622;Radar fixe;2018-09-05T12:23;;44.058;4.742
15623;Radar fixe;2018-09-05T12:23;;16.13625;-61.58136
15624;Radar fixe;2018-09-05T12:23;;16.13101;-61.57991
15625;Radar fixe;2018-09-05T12:23;;16.28605;-61.28783
15626;Radar fixe;2018-09-05T12:23;;48.807;2.4488
15627;Radar fixe;2018-09-05T12:23;;-21.30609;55.42838
15628;Radar fixe;2018-09-05T12:23;;-21.33211;55.46482
15629;Radar fixe;2018-09-05T12:23;;-20.90151;55.53134
15630;Radar fixe;2018-09-05T12:23;;44.397;4.2675
15631;Radar fixe;2018-09-05T12:23;;48.47255;-0.17538
15632;Radar fixe;2018-09-05T12:23;;49.336;0.9199
15633;Radar fixe;2018-09-05T12:23;;43.928;4.8421
15634;Radar fixe;2018-09-05T12:23;;44.708;6.0384
15635;Radar fixe;2018-09-05T12:23;;48.939;2.417
15636;Radar fixe;2018-09-05T12:23;;48.904;2.393
15637;Radar fixe;2018-09-05T12:23;;44.838;0.4002
15638;Radar fixe;2018-09-05T12:23;;45.097;0.483
15639;Radar fixe;2018-09-05T12:23;;45.783;5.1596
15640;Radar fixe;2018-09-05T12:23;;45.6292;5.13707
15641;Radar fixe;2018-09-05T12:23;;45.508798;5.596122
15642;Radar fixe;2018-09-05T12:23;;43.775;4.3361
15643;Radar fixe;2018-09-05T12:23;;43.88506;4.43746
15644;Radar fixe;2018-09-05T12:23;;45.852;5.7531
15645;Radar fixe;2018-09-05T12:23;;46.155;3.4133
15646;Radar fixe;2018-09-05T12:23;;44.944;2.4606
15647;Radar fixe;2018-09-05T12:23;;47.827527;6.377446
15648;Radar fixe;2018-09-05T12:23;;48.983;2.3621
15649;Radar fixe;2018-09-05T12:23;;43.971;3.6891
15650;Radar fixe;2018-09-05T12:23;;43.701;4.4507
15651;Radar fixe;2018-09-05T12:23;;44.047;4.0975
15652;Radar fixe;2018-09-05T12:23;;44.115;4.2819
15653;Radar fixe;2018-09-05T12:23;;46.9456;3.12125
15654;Radar fixe;2018-09-05T12:23;;43.182;1.2436
15655;Radar fixe;2018-09-05T12:23;;47.694;6.9799
15656;Radar fixe;2018-09-05T12:23;;47.694;6.9798
15657;Radar fixe;2018-09-05T12:23;;49.181;0.227
15658;Radar fixe;2018-09-05T12:23;;44.427;1.4332
15659;Radar fixe;2018-09-05T12:23;;44.514;1.0687
15660;Radar fixe;2018-09-05T12:23;;44.646;1.9962
15661;Radar fixe;2018-09-05T12:23;;44.604;1.9639
15662;Radar fixe;2018-09-05T12:23;;47.366;2.4323
15663;Radar fixe;2018-09-05T12:23;;4.94468;-52.31493
15664;Radar fixe;2018-09-05T12:23;;46.918;6.3006
15665;Radar fixe;2018-09-05T12:23;;47.051;6.6489
15666;Radar fixe;2018-09-05T12:23;;47.142;6.3755
15667;Radar fixe;2018-09-05T12:23;;49.198;2.282
15668;Radar fixe;2018-09-05T12:23;;49.599;2.971
15669;Radar fixe;2018-09-05T12:23;;49.14561;2.67996
15670;Radar fixe;2018-09-05T12:23;;48.785;0.6641
15671;Radar fixe;2018-09-05T12:23;;48.4574;0.54704
15672;Radar fixe;2018-09-05T12:23;;48.587;-0.2917
15673;Radar fixe;2018-09-05T12:23;;48.745;0.2682
15674;Radar fixe;2018-09-05T12:23;;48.69;-0.5744
15675;Radar fixe;2018-09-05T12:23;;44.707;1.2972
15676;Radar fixe;2018-09-05T12:23;;43.537;0.9964
15677;Radar fixe;2018-09-05T12:23;;43.716;7.2824
15678;Radar fixe;2018-09-05T12:23;;49.784;4.6828
15679;Radar fixe;2018-09-05T12:23;;49.817;4.5857
15680;Radar fixe;2018-09-05T12:23;;49.862727;4.629315
15681;Radar fixe;2018-09-05T12:23;;43.81706;-0.2966
15682;Radar fixe;2018-09-05T12:23;;48.485;1.4669
15683;Radar fixe;2018-09-05T12:23;;48.051;1.4299
15684;Radar fixe;2018-09-05T12:23;;48.494;1.6947
15685;Radar fixe;2018-09-05T12:23;;47.232;0.1042
15686;Radar fixe;2018-09-05T12:23;;47.381;0.7673
15687;Radar fixe;2018-09-05T12:23;;47.214;0.896
15688;Radar fixe;2018-09-05T12:23;;43.971;-0.2927
15689;Radar fixe;2018-09-05T12:23;;45.039;3.8881
15690;Radar fixe;2018-09-05T12:23;;47.897;1.8824
15691;Radar fixe;2018-09-05T12:23;;48.836;-1.4615
15692;Radar fixe;2018-09-05T12:23;;49.6294;-1.6336
15693;Radar fixe;2018-09-05T12:23;;49.083;-1.2857
15694;Radar fixe;2018-09-05T12:23;;48.531;6.1782
15695;Radar fixe;2018-09-05T12:23;;48.65087;5.89372
15696;Radar fixe;2018-09-05T12:23;;48.921;6.0839
15697;Radar fixe;2018-09-05T12:23;;48.90594;7.43151
15698;Radar fixe;2018-09-05T12:23;;48.585732;7.784924
15699;Radar fixe;2018-09-05T12:23;;47.696;6.285
15700;Radar fixe;2018-09-05T12:23;;49.897;2.4868
15701;Radar fixe;2018-09-05T12:23;;50.32;1.7503
15702;Radar fixe;2018-09-05T12:23;;49.981921;1.600837
15703;Radar fixe;2018-09-05T12:23;;48.991;2.2014
15704;Radar fixe;2018-09-05T12:23;;49.138;2.2539
15705;Radar fixe;2018-09-05T12:23;;47.32235;-2.1864
15706;Radar fixe;2018-09-05T12:23;;45.42;4.4104
15707;Radar fixe;2018-09-05T12:23;;47.968;2.7578
15708;Radar fixe;2018-09-05T12:23;;47.969;2.7562
15709;Radar fixe;2018-09-05T12:23;;5.0148;-52.47609
15710;Radar fixe;2018-09-05T12:23;;4.90992;-52.37054
15711;Radar fixe;2018-09-05T12:23;;5.48704;-53.99413
15712;Radar fixe;2018-09-05T12:23;;5.49099;-54.03177
15713;Radar fixe;2018-09-05T12:23;;44.452;-1.1068
15714;Radar fixe;2018-09-05T12:23;;46.376;3.0291
15715;Radar fixe;2018-09-05T12:23;;46.535;3.5666
15716;Radar fixe;2018-09-05T12:23;;46.304;3.7726
15717;Radar fixe;2018-09-05T12:23;;46.316;3.3249
15718;Radar fixe;2018-09-05T12:23;;49.587;4.246
15719;Radar fixe;2018-09-05T12:23;;47.35397;-1.2535
15720;Radar fixe;2018-09-05T12:23;;43.141;2.2977
15721;Radar fixe;2018-09-05T12:23;;43.339;1.8752
15722;Radar fixe;2018-09-05T12:23;;43.21;2.3633
15723;Radar fixe;2018-09-05T12:23;;43.306;2.9186
15724;Radar fixe;2018-09-05T12:23;;45.463;1.5019
15725;Radar fixe;2018-09-05T12:23;;45.196;1.527
15726;Radar fixe;2018-09-05T12:23;;48.52;-2.4379
15727;Radar fixe;2018-09-05T12:23;;48.388;-2.0863
15728;Radar fixe;2018-09-05T12:23;;48.579;-3.0673
15729;Radar fixe;2018-09-05T12:23;;49.214;1.5934
15730;Radar fixe;2018-09-05T12:23;;48.424;-1.4501
15731;Radar fixe;2018-09-05T12:23;;47.030514;1.097518
15732;Radar fixe;2018-09-05T12:23;;45.066;5.7538
15733;Radar fixe;2018-09-05T12:23;;44.47;0.9106
15734;Radar fixe;2018-09-05T12:23;;47.85058;1.73588
15735;Radar fixe;2018-09-05T12:23;;44.382;0.8295
15736;Radar fixe;2018-09-05T12:23;;44.621;0.3585
15737;Radar fixe;2018-09-05T12:23;;50.97;2.3955
15738;Radar fixe;2018-09-05T12:23;;50.714;2.6317
15739;Radar fixe;2018-09-05T12:23;;47.629;7.2096
15740;Radar fixe;2018-09-05T12:23;;46.557;4.9407
15741;Radar fixe;2018-09-05T12:23;;48.87363;2.26748
15742;Radar fixe;2018-09-05T12:23;;48.837;2.3776
15743;Radar fixe;2018-09-05T12:23;;48.900701;2.361351
15744;Radar fixe;2018-09-05T12:23;;48.869597;2.4131827
15745;Radar fixe;2018-09-05T12:23;;48.900368;2.3748344
15746;Radar fixe;2018-09-05T12:23;;48.826;2.2988
15747;Radar fixe;2018-09-05T12:23;;48.8456914;2.4143455
15748;Radar fixe;2018-09-05T12:23;;46.418;-0.1918
15749;Radar fixe;2018-09-05T12:23;;46.12;-0.2389
15750;Radar fixe;2018-09-05T12:23;;44.056;1.3594
15751;Radar fixe;2018-09-05T12:23;;43.803;1.2919
15752;Radar fixe;2018-09-05T12:23;;44.169;1.5809
15753;Radar fixe;2018-09-05T12:23;;43.448;6.485
15754;Radar fixe;2018-09-05T12:23;;43.207;6.4842
15755;Radar fixe;2018-09-05T12:23;;43.23483;6.61068
15756;Radar fixe;2018-09-05T12:23;;44.335;4.947
15757;Radar fixe;2018-09-05T12:23;;44.391;4.9503
15758;Radar fixe;2018-09-05T12:23;;43.757;5.1467
15759;Radar fixe;2018-09-05T12:23;;47.849;3.6247
15760;Radar fixe;2018-09-05T12:23;;48.2279;3.26651
15761;Radar fixe;2018-09-05T12:23;;47.984;3.7327
15762;Radar fixe;2018-09-05T12:23;;47.918;3.713
15763;Radar fixe;2018-09-05T12:23;;48.926;2.2345
15764;Radar fixe;2018-09-05T12:23;;48.845;2.2267
15765;Radar fixe;2018-09-05T12:23;;48.76746;5.15287
15766;Radar fixe;2018-09-05T12:23;;41.961695;8.809006
15767;Radar fixe;2018-09-05T12:23;;42.041;8.7545
15768;Radar fixe;2018-09-05T12:23;;41.933484;8.744315
15769;Radar fixe;2018-09-05T12:23;;41.884;8.7941
15770;Radar fixe;2018-09-05T12:23;;41.4894588;9.0594156
15771;Radar fixe;2018-09-05T12:23;;41.51029;9.14978
15772;Radar fixe;2018-09-05T12:23;;42.48;9.4809
15773;Radar fixe;2018-09-05T12:23;;42.314;9.5414
15774;Radar fixe;2018-09-05T12:23;;42.266;9.5489
15775;Radar fixe;2018-09-05T12:23;;42.257;9.5466
15776;Radar fixe;2018-09-05T12:23;;45.248;4.78
15777;Radar fixe;2018-09-05T12:23;;49.6;4.2321
15778;Radar fixe;2018-09-05T12:23;;45.958;-0.9421
15779;Radar fixe;2018-09-05T12:23;;46.145;-0.7184
15780;Radar fixe;2018-09-05T12:23;;46.12;-1.0358
15781;Radar fixe;2018-09-05T12:23;;48.703;2.4299
15782;Radar fixe;2018-09-05T12:23;;48.687701;2.395027
15783;Radar fixe;2018-09-05T12:23;;48.818;2.3688
15784;Radar fixe;2018-09-05T12:23;;49.18454;2.89519
15785;Radar fixe;2018-09-05T12:23;;48.866458;2.268784
15786;Radar fixe;2018-09-05T12:23;;49.003;-0.0487
15787;Radar fixe;2018-09-05T12:23;;49.020557;-0.736435
15788;Radar fixe;2018-09-05T12:23;;49.256065;-0.133093
15789;Radar fixe;2018-09-05T12:23;;45.335;1.897
15790;Radar fixe;2018-09-05T12:23;;47.27;5.0013
15791;Radar fixe;2018-09-05T12:23;;49.37765;2.48155
15792;Radar fixe;2018-09-05T12:23;;47.20919;5.2791
15793;Radar fixe;2018-09-05T12:23;;47.38541;5.03448
15794;Radar fixe;2018-09-05T12:23;;42.99;0.63
15795;Radar fixe;2018-09-05T12:23;;43.017;0.6188
15796;Radar fixe;2018-09-05T12:23;;43.465;1.2779
15797;Radar fixe;2018-09-05T12:23;;43.56;1.463
15798;Radar fixe;2018-09-05T12:23;;43.767;1.4068
15799;Radar fixe;2018-09-05T12:23;;48.059;-1.7913
15800;Radar fixe;2018-09-05T12:23;;48.593;-2.1059
15801;Radar fixe;2018-09-05T12:23;;48.27543;-1.15125
15802;Radar fixe;2018-09-05T12:23;;46.641;5.5009
15803;Radar fixe;2018-09-05T12:23;;46.714;5.5848
15804;Radar fixe;2018-09-05T12:23;;46.98;5.318
15805;Radar fixe;2018-09-05T12:23;;45.85891;2.92671
15806;Radar fixe;2018-09-05T12:23;;49.161;4.1994
15807;Radar fixe;2018-09-05T12:23;;48.74;4.3927
15808;Radar fixe;2018-09-05T12:23;;49.23644;3.97987
15809;Radar fixe;2018-09-05T12:23;;43.276;0.1085
15810;Radar fixe;2018-09-05T12:23;;45.7;4.8355
15811;Radar fixe;2018-09-05T12:23;;45.668;4.5799
15812;Radar fixe;2018-09-05T12:23;;45.716;4.846
15813;Radar fixe;2018-09-05T12:23;;48.809;2.1479
15814;Radar fixe;2018-09-05T12:23;;45.75855;3.12507
15815;Radar fixe;2018-09-05T12:23;;50.157;1.7391
15816;Radar fixe;2018-09-05T12:23;;49.778;2.25
15817;Radar fixe;2018-09-05T12:23;;46.754;-1.0972
15818;Radar fixe;2018-09-05T12:23;;46.366;-1.4172
15819;Radar fixe;2018-09-05T12:23;;46.164;0.9601
15820;Radar fixe;2018-09-05T12:23;;46.171;0.95
15821;Radar fixe;2018-09-05T12:23;;48.274;6.9447
15822;Radar fixe;2018-09-05T12:23;;48.166;6.7762
15823;Radar fixe;2018-09-05T12:23;;48.195;6.0469
15824;Radar fixe;2018-09-05T12:23;;14.60472;-61.00278
15825;Radar fixe;2018-09-05T12:23;;14.60521;-61.00321
15826;Radar fixe;2018-09-05T12:23;;14.71525;-60.94848
15827;Radar fixe;2018-09-05T12:23;;14.696;-60.9415
15828;Radar fixe;2018-09-05T12:23;;49.416;2.4201
15829;Radar fixe;2018-09-05T12:23;;49.281;1.8503
15830;Radar fixe;2018-09-05T12:23;;49.257;0.0791
15831;Radar fixe;2018-09-05T12:23;;49.095;0.303
15832;Radar fixe;2018-09-05T12:23;;48.842;-0.7706
15833;Radar fixe;2018-09-05T12:23;;49.191;-0.4299
15834;Radar fixe;2018-09-05T12:23;;46.58415;5.59482
15835;Radar fixe;2018-09-05T12:23;;43.932;4.948
15836;Radar fixe;2018-09-05T12:23;;43.867;0.0508
15837;Radar fixe;2018-09-05T12:23;;45.866607;1.276758
15838;Radar fixe;2018-09-05T12:23;;46.136;4.9601
15839;Radar fixe;2018-09-05T12:23;;46.363;5.121
15840;Radar fixe;2018-09-05T12:23;;46.264;5.0168
15841;Radar fixe;2018-09-05T12:23;;48.493;3.8856
15842;Radar fixe;2018-09-05T12:23;;48.239;4.6984
15843;Radar fixe;2018-09-05T12:23;;44.842;2.4786
15844;Radar fixe;2018-09-05T12:23;;44.881;2.309
15845;Radar fixe;2018-09-05T12:23;;45.296;2.3919
15846;Radar fixe;2018-09-05T12:23;;44.728;2.201
15847;Radar fixe;2018-09-05T12:23;;48.402;1.3886
15848;Radar fixe;2018-09-05T12:23;;43.856;4.2457
15849;Radar fixe;2018-09-05T12:23;;43.9693;4.74375
15850;Radar fixe;2018-09-05T12:23;;44.48061;1.41351
15851;Radar fixe;2018-09-05T12:23;;43.88;4.0312
15852;Radar fixe;2018-09-05T12:23;;43.425;0.2871
15853;Radar fixe;2018-09-05T12:23;;44.032;0.4669
15854;Radar fixe;2018-09-05T12:23;;45.359;5.438
15855;Radar fixe;2018-09-05T12:23;;44.9023;1.85292
15856;Radar fixe;2018-09-05T12:23;;44.661;3.4507
15857;Radar fixe;2018-09-05T12:23;;48.74;4.3928
15858;Radar fixe;2018-09-05T12:23;;50.758;2.4193
15859;Radar fixe;2018-09-05T12:23;;50.75638;2.41687
15860;Radar fixe;2018-09-05T12:23;;50.253;3.1626
15861;Radar fixe;2018-09-05T12:23;;46.824;4.3678
15862;Radar fixe;2018-09-05T12:23;;46.882;4.3956
15863;Radar fixe;2018-09-05T12:23;;46.565;5.0365
15864;Radar fixe;2018-09-05T12:23;;48.169;0.578
15865;Radar fixe;2018-09-05T12:23;;44.51196;1.37049
15866;Radar fixe;2018-09-05T12:23;;48.241;-0.04168
15867;Radar fixe;2018-09-05T12:23;;47.808;-0.2779
15868;Radar fixe;2018-09-05T12:23;;47.813242;0.062468
15869;Radar fixe;2018-09-05T12:23;;46.145;6.0962
15870;Radar fixe;2018-09-05T12:23;;48.642804;1.858657
15871;Radar fixe;2018-09-05T12:23;;43.977;2.0885
15872;Radar fixe;2018-09-05T12:23;;43.469;2.5387
15873;Radar fixe;2018-09-05T12:23;;43.782;1.9883
15874;Radar fixe;2018-09-05T12:23;;43.89822;2.39078
15875;Radar fixe;2018-09-05T12:23;;48.942;2.364
15876;Radar fixe;2018-09-05T12:23;;16.25427;-61.28277
15877;Radar fixe;2018-09-05T12:23;;16.29133;-61.28947
15878;Radar fixe;2018-09-05T12:23;;16.26033;-61.6273
15879;Radar fixe;2018-09-05T12:23;;48.847217;2.410152
15880;Radar fixe;2018-09-05T12:23;;48.847222;2.408315
15881;Radar fixe;2018-09-05T12:23;;45.96461;5.00528
15882;Radar fixe;2018-09-05T12:23;;48.99572;1.93146
15883;Radar fixe;2018-09-05T12:23;;46.381;3.2954
15884;Radar fixe;2018-09-05T12:23;;44.506;6.1607
15885;Radar fixe;2018-09-05T12:23;;44.645;6.5753
15886;Radar fixe;2018-09-05T12:23;;44.515;5.744
15887;Radar fixe;2018-09-05T12:23;;44.43257;4.18985
15888;Radar fixe;2018-09-05T12:23;;44.823;4.6617
15889;Radar fixe;2018-09-05T12:23;;42.995;1.1971
15890;Radar fixe;2018-09-05T12:23;;44.391;2.3853
15891;Radar fixe;2018-09-05T12:23;;44.29;2.415
15892;Radar fixe;2018-09-05T12:23;;43.948;2.912
15893;Radar fixe;2018-09-05T12:23;;47.295;2.7839
15894;Radar fixe;2018-09-05T12:23;;47.079;2.2985
15895;Radar fixe;2018-09-05T12:23;;48.98981;1.84608
15896;Radar fixe;2018-09-05T12:23;;47.218;5.2566
15897;Radar fixe;2018-09-05T12:23;;47.376;4.2939
15898;Radar fixe;2018-09-05T12:23;;45.97067;1.9721
15899;Radar fixe;2018-09-05T12:23;;48.771;1.1599
15900;Radar fixe;2018-09-05T12:23;;49.058;0.5715
15901;Radar fixe;2018-09-05T12:23;;43.958;4.5687
15902;Radar fixe;2018-09-05T12:23;;43.323;1.4967
15903;Radar fixe;2018-09-05T12:23;;43.751;1.2765
15904;Radar fixe;2018-09-05T12:23;;43.739;0.356
15905;Radar fixe;2018-09-05T12:23;;43.457;0.882
15906;Radar fixe;2018-09-05T12:23;;48.052;-1.7224
15907;Radar fixe;2018-09-05T12:23;;44.20029;-0.74267
15908;Radar fixe;2018-09-05T12:23;;44.20029;-0.74267
15909;Radar fixe;2018-09-05T12:23;;47.562;1.3053
15910;Radar fixe;2018-09-05T12:23;;47.718;1.0176
15911;Radar fixe;2018-09-05T12:23;;46.09;4.0761
15912;Radar fixe;2018-09-05T12:23;;45.019;3.8397
15913;Radar fixe;2018-09-05T12:23;;45.334;4.1481
15914;Radar fixe;2018-09-05T12:23;;45.024;3.7753
15915;Radar fixe;2018-09-05T12:23;;44.2327;2.98771
15916;Radar fixe;2018-09-05T12:23;;45.27165;3.91759
15917;Radar fixe;2018-09-05T12:23;;47.743;2.01479
15918;Radar fixe;2018-09-05T12:23;;48.023;1.9673
15919;Radar fixe;2018-09-05T12:23;;47.5582;-0.10143
15920;Radar fixe;2018-09-05T12:23;;47.313826;-0.402958
15921;Radar fixe;2018-09-05T12:23;;47.248639;-0.912927
15922;Radar fixe;2018-09-05T12:23;;48.804;-1.5681
15923;Radar fixe;2018-09-05T12:23;;48.6;-1.0612
15924;Radar fixe;2018-09-05T12:23;;49.29;4.0043
15925;Radar fixe;2018-09-05T12:23;;48.97;4.3817
15926;Radar fixe;2018-09-05T12:23;;47.9623;5.6475
15927;Radar fixe;2018-09-05T12:23;;48.445;5.1518
15928;Radar fixe;2018-09-05T12:23;;49.38;5.63
15929;Radar fixe;2018-09-05T12:23;;48.784;5.1962
15930;Radar fixe;2018-09-05T12:23;;49.213;5.6255
15931;Radar fixe;2018-09-05T12:23;;45.604;2.6978
15932;Radar fixe;2018-09-05T12:23;;45.602;2.6957
15933;Radar fixe;2018-09-05T12:23;;45.762;3.1192
15934;Radar fixe;2018-09-05T12:23;;45.765;3.038
15935;Radar fixe;2018-09-05T12:23;;43.36;-1.5818
15936;Radar fixe;2018-09-05T12:23;;43.492;-1.3675
15937;Radar fixe;2018-09-05T12:23;;43.239;-0.2657
15938;Radar fixe;2018-09-05T12:23;;42.623;2.9212
15939;Radar fixe;2018-09-05T12:23;;42.433;1.9606
15940;Radar fixe;2018-09-05T12:23;;42.753;3.0212
15941;Radar fixe;2018-09-05T12:23;;42.455;1.9423
15942;Radar fixe;2018-09-05T12:23;;48.922;7.1083
15943;Radar fixe;2018-09-05T12:23;;48.387;7.5399
15944;Radar fixe;2018-09-05T12:23;;45.782461;4.859775
15945;Radar fixe;2018-09-05T12:23;;45.782461;4.859775
15946;Radar fixe;2018-09-05T12:23;;45.663;6.3931
15947;Radar fixe;2018-09-05T12:23;;45.526;6.1895
15948;Radar fixe;2018-09-05T12:23;;46.071;6.4749
15949;Radar fixe;2018-09-05T12:23;;45.7552;6.27998
15950;Radar fixe;2018-09-05T12:23;;49.9603;2.38441
15951;Radar fixe;2018-09-05T12:23;;46.404;0.7122
15952;Radar fixe;2018-09-05T12:23;;46.416236;0.839839
15953;Radar fixe;2018-09-05T12:23;;46.816;0.34
15954;Radar fixe;2018-09-05T12:23;;46.555;0.3358
15955;Radar fixe;2018-09-05T12:23;;48.8824598;2.4563919
15956;Radar fixe;2018-09-05T12:23;;48.969329;2.40478
15957;Radar fixe;2018-09-05T12:23;;49.383;6.0775
15958;Radar fixe;2018-09-05T12:23;;47.784;1.0304
15959;Radar fixe;2018-09-05T12:23;;48.826;2.2592
15960;Radar fixe;2018-09-05T12:23;;48.822;2.2529
15961;Radar fixe;2018-09-05T12:23;;43.30321;5.36489
15962;Radar fixe;2018-09-05T12:23;;45.725962;4.865838
15963;Radar fixe;2018-09-05T12:23;;45.722977;4.876683
15964;Radar fixe;2018-09-05T12:23;;45.78;5.4696
15965;Radar fixe;2018-09-05T12:23;;43.759;7.4662
15966;Radar fixe;2018-09-05T12:24;;43.66;7.1026
15967;Radar fixe;2018-09-05T12:24;;43.783;7.5157
15968;Radar fixe;2018-09-05T12:24;;43.758122;7.470991
15969;Radar fixe;2018-09-05T12:24;;43.783;7.5162
15970;Radar fixe;2018-09-05T12:24;;47.4634;-0.51692
15971;Radar fixe;2018-09-05T12:24;;47.97137;-4.14189
15972;Radar fixe;2018-09-05T12:24;;49.33497;2.19774
15973;Radar fixe;2018-09-05T12:24;;49.24949;2.48193
15974;Radar fixe;2018-09-05T12:24;;49.48912;2.14978
15975;Radar fixe;2018-09-05T12:24;;45.20905;1.68252
15976;Radar fixe;2018-09-05T12:24;;43.38478;6.04887
15977;Radar fixe;2018-09-05T12:24;;43.46718;5.86652
15978;Radar fixe;2018-09-05T12:24;;48.45001;6.23374
15979;Radar fixe;2018-09-05T12:24;;44.52951;6.36334
15980;Radar fixe;2018-09-05T12:24;;47.33027;-1.65035
15981;Radar fixe;2018-09-05T12:24;;47.53834;-2.41506
15982;Radar fixe;2018-09-05T12:24;;47.94999;-2.52558
15983;Radar fixe;2018-09-05T12:24;;48.10143;-2.26267
15984;Radar fixe;2018-09-05T12:24;;49.74891;4.70319
15985;Radar fixe;2018-09-05T12:24;;45.55669;-0.55508
15986;Radar fixe;2018-09-05T12:24;;42.56163;8.80249
15987;Radar fixe;2018-09-05T12:24;;48.37632;-4.27611
15988;Radar fixe;2018-09-05T12:24;;48.21977;-3.9918
15989;Radar fixe;2018-09-05T12:24;;46.9916;3.16732
15990;Radar fixe;2018-09-05T12:24;;42.52638;3.06145
15991;Radar fixe;2018-09-05T12:24;;47.79848;7.3084
15992;Radar fixe;2018-09-05T12:24;;47.72129;6.30523
15993;Radar fixe;2018-09-05T12:24;;47.00845;4.32084
15994;Radar fixe;2018-09-05T12:24;;46.19021;-0.66783
15995;Radar fixe;2018-09-05T12:24;;46.24247;-0.52535
15996;Radar fixe;2018-09-05T12:24;;46.32149;-0.41641
15997;Radar fixe;2018-09-05T12:24;;46.75917;-1.43079
15998;Radar fixe;2018-09-05T12:24;;47.72206;6.83214
15999;Radar fixe;2018-09-05T12:24;;49.67523;5.09251
16000;Radar feu rouge;2018-09-05T12:24;;48.26735;4.08897
16001;Radar feu rouge;2018-09-05T12:24;;48.26683;4.08951
16002;Radar feu rouge;2018-09-05T12:24;;48.51605;3.71489
16003;Radar feu rouge;2018-09-05T12:24;;48.5168;3.71492
16004;Radar feu rouge;2018-09-05T12:24;;48.2887;4.08385
16005;Radar feu rouge;2018-09-05T12:24;;47.08204;2.38935
16006;Radar feu rouge;2018-09-05T12:24;;47.07217;2.39421
16007;Radar feu rouge;2018-09-05T12:24;;47.07557;2.4065
16008;Radar feu rouge;2018-09-05T12:24;;47.09063;2.39863
16009;Radar feu rouge;2018-09-05T12:24;;47.06174;2.40934
16010;Radar feu rouge;2018-09-05T12:24;;47.10346;2.40944
16011;Radar feu rouge;2018-09-05T12:24;;47.10464;2.42484
16012;Radar feu rouge;2018-09-05T12:24;;47.09983;2.38126
16013;Radar feu rouge;2018-09-05T12:24;;47.1001;2.38089
16014;Radar feu rouge;2018-09-05T12:24;;47.08232;2.38926
16015;Radar feu rouge;2018-09-05T12:24;;47.07209;2.39383
16016;Radar feu rouge;2018-09-05T12:24;;47.10315;2.40934
16017;Radar feu rouge;2018-09-05T12:24;;47.33623;5.06105
16018;Radar feu rouge;2018-09-05T12:24;;47.33656;5.05718
16019;Radar feu rouge;2018-09-05T12:24;;47.30522;5.04973
16020;Radar feu rouge;2018-09-05T12:24;;47.3135;5.01435
16021;Radar feu rouge;2018-09-05T12:24;;47.31374;5.01383
16022;Radar feu rouge;2018-09-05T12:24;;47.30932;5.03785
16023;Radar feu rouge;2018-09-05T12:24;;47.31603;5.04453
16024;Radar feu rouge;2018-09-05T12:24;;47.34155;5.051
16025;Radar feu rouge;2018-09-05T12:24;;47.34108;5.05173
16026;Radar feu rouge;2018-09-05T12:24;;48.49254;-2.74855
16027;Radar feu rouge;2018-09-05T12:24;;48.51745;-2.77898
16028;Radar feu rouge;2018-09-05T12:24;;49.01918;1.11881
16029;Radar feu rouge;2018-09-05T12:24;;49.01643;1.16164
16030;Radar feu rouge;2018-09-05T12:24;;49.20748;1.18436
16031;Radar feu rouge;2018-09-05T12:24;;48.75866;1.24417
16032;Radar feu rouge;2018-09-05T12:24;;48.40188;-4.40631
16033;Radar feu rouge;2018-09-05T12:24;;48.099;-1.75759
16034;Radar feu rouge;2018-09-05T12:24;;48.10138;-1.75419
16035;Radar feu rouge;2018-09-05T12:24;;48.06301;-1.69948
16036;Radar feu rouge;2018-09-05T12:24;;48.09839;-1.75776
16037;Radar feu rouge;2018-09-05T12:24;;47.39703;0.74129
16038;Radar feu rouge;2018-09-05T12:24;;47.39722;0.74247
16039;Radar feu rouge;2018-09-05T12:24;;47.4984;0.78481
16040;Radar feu rouge;2018-09-05T12:24;;47.49706;0.78348
16041;Radar feu rouge;2018-09-05T12:24;;47.54799;0.55112
16042;Radar feu rouge;2018-09-05T12:24;;47.54725;0.5516
16043;Radar feu rouge;2018-09-05T12:24;;47.54783;0.55181
16044;Radar feu rouge;2018-09-05T12:24;;47.5475;0.55073
16045;Radar feu rouge;2018-09-05T12:24;;47.50108;0.78872
16046;Radar feu rouge;2018-09-05T12:24;;47.50159;0.78942
16047;Radar feu rouge;2018-09-05T12:24;;47.2086;-1.56936
16048;Radar feu rouge;2018-09-05T12:24;;47.21771;-1.55533
16049;Radar feu rouge;2018-09-05T12:24;;47.23515;-1.54126
16050;Radar feu rouge;2018-09-05T12:24;;47.21599;-1.56547
16051;Radar feu rouge;2018-09-05T12:24;;47.18919;-1.50951
16052;Radar feu rouge;2018-09-05T12:24;;47.92806;1.84078
16053;Radar feu rouge;2018-09-05T12:24;;47.8797;1.90827
16054;Radar feu rouge;2018-09-05T12:24;;47.91488;1.91672
16055;Radar feu rouge;2018-09-05T12:24;;47.91437;1.96492
16056;Radar feu rouge;2018-09-05T12:24;;47.90655;1.90882
16057;Radar feu rouge;2018-09-05T12:24;;47.99369;2.73244
16058;Radar feu rouge;2018-09-05T12:24;;47.91401;1.96377
16059;Radar feu rouge;2018-09-05T12:24;;47.92766;1.84178
16060;Radar feu rouge;2018-09-05T12:24;;47.90631;1.92195
16061;Radar feu rouge;2018-09-05T12:24;;47.91459;1.89952
16062;Radar feu rouge;2018-09-05T12:24;;47.0542;-0.9012
16063;Radar feu rouge;2018-09-05T12:24;;47.07346;-0.86765
16064;Radar feu rouge;2018-09-05T12:24;;47.44782;-0.54293
16065;Radar feu rouge;2018-09-05T12:24;;47.47536;-0.53511
16066;Radar feu rouge;2018-09-05T12:24;;49.64775;-1.6512
16067;Radar feu rouge;2018-09-05T12:24;;49.05185;-1.44385
16068;Radar feu rouge;2018-09-05T12:24;;49.11324;-1.07941
16069;Radar feu rouge;2018-09-05T12:24;;49.65346;-1.66389
16070;Radar feu rouge;2018-09-05T12:24;;48.94266;4.37827
16071;Radar feu rouge;2018-09-05T12:24;;48.7338;4.58976
16072;Radar feu rouge;2018-09-05T12:24;;47.33656;5.05717
16073;Radar feu rouge;2018-09-05T12:24;;48.89758;2.25741
16074;Radar feu rouge;2018-09-05T12:24;;48.63713;4.94341
16075;Radar feu rouge;2018-09-05T12:24;;48.62562;4.9905
16076;Radar feu rouge;2018-09-05T12:24;;48.09975;5.1528
16077;Radar feu rouge;2018-09-05T12:24;;48.0986;5.15407
16078;Radar feu rouge;2018-09-05T12:24;;48.11455;5.14388
16079;Radar feu rouge;2018-09-05T12:24;;48.6392;4.94399
16080;Radar feu rouge;2018-09-05T12:24;;48.68357;6.16852
16081;Radar feu rouge;2018-09-05T12:24;;48.68749;6.17025
16082;Radar feu rouge;2018-09-05T12:24;;48.69504;6.12486
16083;Radar feu rouge;2018-09-05T12:24;;48.69573;6.14113
16084;Radar feu rouge;2018-09-05T12:24;;48.687;6.1957
16085;Radar feu rouge;2018-09-05T12:24;;48.6836;6.17326
16086;Radar feu rouge;2018-09-05T12:24;;48.699;6.18748
16087;Radar feu rouge;2018-09-05T12:24;;48.7048;6.163
16088;Radar feu rouge;2018-09-05T12:24;;48.6896;6.2026
16089;Radar feu rouge;2018-09-05T12:24;;48.70035;6.1724
16090;Radar feu rouge;2018-09-05T12:24;;48.69355;6.19216
16091;Radar feu rouge;2018-09-05T12:24;;48.6797;6.19854
16092;Radar feu rouge;2018-09-05T12:24;;48.70097;6.2248
16093;Radar feu rouge;2018-09-05T12:24;;48.677;6.1468
16094;Radar feu rouge;2018-09-05T12:24;;47.65372;-2.73536
16095;Radar feu rouge;2018-09-05T12:24;;47.66869;-2.99453
16096;Radar feu rouge;2018-09-05T12:24;;49.10031;6.1802
16097;Radar feu rouge;2018-09-05T12:24;;49.10163;6.17741
16098;Radar feu rouge;2018-09-05T12:24;;49.11152;6.17849
16099;Radar feu rouge;2018-09-05T12:24;;50.62709;3.03905
16100;Radar feu rouge;2018-09-05T12:24;;50.63083;3.0775
16101;Radar feu rouge;2018-09-05T12:24;;50.64581;2.98818
16102;Radar feu rouge;2018-09-05T12:24;;50.62158;3.04617
16103;Radar feu rouge;2018-09-05T12:24;;50.67736;3.19907
16104;Radar feu rouge;2018-09-05T12:24;;50.70538;3.1699
16105;Radar feu rouge;2018-09-05T12:24;;50.60723;3.04267
16106;Radar feu rouge;2018-09-05T12:24;;50.60577;3.04904
16107;Radar feu rouge;2018-09-05T12:24;;50.71484;3.17946
16108;Radar feu rouge;2018-09-05T12:24;;51.04381;2.38338
16109;Radar feu rouge;2018-09-05T12:24;;51.04781;2.41626
16110;Radar feu rouge;2018-09-05T12:24;;51.02247;2.30489
16111;Radar feu rouge;2018-09-05T12:24;;51.02374;2.34683
16112;Radar feu rouge;2018-09-05T12:24;;50.62248;3.0612
16113;Radar feu rouge;2018-09-05T12:24;;51.04313;2.38317
16114;Radar feu rouge;2018-09-05T12:24;;51.04355;2.38259
16115;Radar feu rouge;2018-09-05T12:24;;51.04821;2.41721
16116;Radar feu rouge;2018-09-05T12:24;;51.04834;2.41637
16117;Radar feu rouge;2018-09-05T12:24;;51.02207;2.30364
16118;Radar feu rouge;2018-09-05T12:24;;51.02262;2.30417
16119;Radar feu rouge;2018-09-05T12:24;;51.02194;2.30455
16120;Radar feu rouge;2018-09-05T12:24;;50.0534;3.93018
16121;Radar feu rouge;2018-09-05T12:24;;50.63242;3.05247
16122;Radar feu rouge;2018-09-05T12:24;;50.63239;3.05188
16123;Radar feu rouge;2018-09-05T12:24;;50.6471;3.02656
16124;Radar feu rouge;2018-09-05T12:24;;50.64764;3.02591
16125;Radar feu rouge;2018-09-05T12:24;;50.64758;3.02644
16126;Radar feu rouge;2018-09-05T12:24;;50.33424;3.30118
16127;Radar feu rouge;2018-09-05T12:24;;50.33397;3.30235
16128;Radar feu rouge;2018-09-05T12:24;;50.43829;3.43207
16129;Radar feu rouge;2018-09-05T12:24;;50.35537;3.50134
16130;Radar feu rouge;2018-09-05T12:24;;50.37334;3.39236
16131;Radar feu rouge;2018-09-05T12:24;;50.37373;3.39259
16132;Radar feu rouge;2018-09-05T12:24;;51.03116;2.34978
16133;Radar feu rouge;2018-09-05T12:24;;51.02777;2.36432
16134;Radar feu rouge;2018-09-05T12:24;;51.03167;2.34941
16135;Radar feu rouge;2018-09-05T12:24;;49.25609;2.48729
16136;Radar feu rouge;2018-09-05T12:24;;49.41336;2.81357
16137;Radar feu rouge;2018-09-05T12:24;;49.19951;2.57965
16138;Radar feu rouge;2018-09-05T12:24;;49.30713;2.60424
16139;Radar feu rouge;2018-09-05T12:24;;49.28813;2.20131
16140;Radar feu rouge;2018-09-05T12:24;;49.39815;3.04604
16141;Radar feu rouge;2018-09-05T12:24;;49.35859;2.79108
16142;Radar feu rouge;2018-09-05T12:24;;49.1929;2.46489
16143;Radar feu rouge;2018-09-05T12:24;;49.43608;2.08258
16144;Radar feu rouge;2018-09-05T12:24;;49.3003;2.60447
16145;Radar feu rouge;2018-09-05T12:24;;49.25654;2.48718
16146;Radar feu rouge;2018-09-05T12:24;;49.39811;3.04472
16147;Radar feu rouge;2018-09-05T12:24;;49.21516;2.41446
16148;Radar feu rouge;2018-09-05T12:24;;49.43465;2.09014
16149;Radar feu rouge;2018-09-05T12:24;;49.19874;2.5792
16150;Radar feu rouge;2018-09-05T12:24;;49.20838;2.59115
16151;Radar feu rouge;2018-09-05T12:24;;49.16918;2.24437
16152;Radar feu rouge;2018-09-05T12:24;;49.16911;2.23774
16153;Radar feu rouge;2018-09-05T12:24;;49.25971;2.47505
16154;Radar feu rouge;2018-09-05T12:24;;49.26013;2.475
16155;Radar feu rouge;2018-09-05T12:24;;49.15169;2.28648
16156;Radar feu rouge;2018-09-05T12:24;;49.25247;2.47685
16157;Radar feu rouge;2018-09-05T12:24;;49.2528;2.47748
16158;Radar feu rouge;2018-09-05T12:24;;49.16911;2.23887
16159;Radar feu rouge;2018-09-05T12:24;;49.16883;2.245
16160;Radar feu rouge;2018-09-05T12:24;;49.2896;2.87844
16161;Radar feu rouge;2018-09-05T12:24;;50.44259;2.85414
16162;Radar feu rouge;2018-09-05T12:24;;50.50951;2.72781
16163;Radar feu rouge;2018-09-05T12:24;;50.42462;2.92811
16164;Radar feu rouge;2018-09-05T12:24;;50.2882;2.78034
16165;Radar feu rouge;2018-09-05T12:24;;50.4431;2.85474
16166;Radar feu rouge;2018-09-05T12:24;;50.50994;2.72999
16167;Radar feu rouge;2018-09-05T12:24;;50.44957;2.81837
16168;Radar feu rouge;2018-09-05T12:24;;50.42525;2.92709
16169;Radar feu rouge;2018-09-05T12:24;;50.41712;2.94742
16170;Radar feu rouge;2018-09-05T12:24;;50.41011;2.93464
16171;Radar feu rouge;2018-09-05T12:24;;50.94629;1.88964
16172;Radar feu rouge;2018-09-05T12:24;;50.41682;2.94691
16173;Radar feu rouge;2018-09-05T12:24;;50.41056;2.93454
16174;Radar feu rouge;2018-09-05T12:24;;50.94613;1.88849
16175;Radar feu rouge;2018-09-05T12:24;;50.9443;1.82252
16176;Radar feu rouge;2018-09-05T12:24;;48.56507;7.70658
16177;Radar feu rouge;2018-09-05T12:24;;48.5754;7.75624
16178;Radar feu rouge;2018-09-05T12:24;;48.57854;7.70858
16179;Radar feu rouge;2018-09-05T12:24;;48.56451;7.70597
16180;Radar feu rouge;2018-09-05T12:24;;48.8135;7.78417
16181;Radar feu rouge;2018-09-05T12:24;;48.26793;7.45673
16182;Radar feu rouge;2018-09-05T12:24;;48.81083;7.78316
16183;Radar feu rouge;2018-09-05T12:24;;48.59147;7.73109
16184;Radar feu rouge;2018-09-05T12:24;;48.26896;7.45738
16185;Radar feu rouge;2018-09-05T12:24;;48.25858;7.45031
16186;Radar feu rouge;2018-09-05T12:24;;48.58049;7.7283
16187;Radar feu rouge;2018-09-05T12:24;;48.59139;7.73171
16188;Radar feu rouge;2018-09-05T12:24;;48.08655;7.33138
16189;Radar feu rouge;2018-09-05T12:24;;47.75009;7.30572
16190;Radar feu rouge;2018-09-05T12:24;;48.07497;7.35078
16191;Radar feu rouge;2018-09-05T12:24;;47.74795;7.32235
16192;Radar feu rouge;2018-09-05T12:24;;47.75936;7.34452
16193;Radar feu rouge;2018-09-05T12:24;;48.07078;7.33429
16194;Radar feu rouge;2018-09-05T12:24;;48.07414;7.33388
16195;Radar feu rouge;2018-09-05T12:24;;48.08379;7.34739
16196;Radar feu rouge;2018-09-05T12:24;;48.08063;7.36049
16197;Radar feu rouge;2018-09-05T12:24;;47.7605;7.3392
16198;Radar feu rouge;2018-09-05T12:24;;47.7688;7.32611
16199;Radar feu rouge;2018-09-05T12:24;;47.7411;7.3439
16200;Radar feu rouge;2018-09-05T12:24;;47.7322;7.29444
16201;Radar feu rouge;2018-09-05T12:24;;47.75552;7.35
16202;Radar feu rouge;2018-09-05T12:24;;47.62728;6.17214
16203;Radar feu rouge;2018-09-05T12:24;;47.69792;6.6381
16204;Radar feu rouge;2018-09-05T12:24;;47.69814;6.63669
16205;Radar feu rouge;2018-09-05T12:24;;47.96879;0.21026
16206;Radar feu rouge;2018-09-05T12:24;;47.97446;0.22575
16207;Radar feu rouge;2018-09-05T12:24;;48.00846;0.1808
16208;Radar feu rouge;2018-09-05T12:24;;47.96978;0.21043
16209;Radar feu rouge;2018-09-05T12:24;;47.97511;0.22431
16210;Radar feu rouge;2018-09-05T12:24;;48.00901;0.18087
16211;Radar feu rouge;2018-09-05T12:24;;47.96239;0.17729
16212;Radar feu rouge;2018-09-05T12:24;;47.96291;0.17686
16213;Radar feu rouge;2018-09-05T12:24;;47.71996;-0.10689
16214;Radar feu rouge;2018-09-05T12:24;;47.71908;-0.10594
16215;Radar feu rouge;2018-09-05T12:24;;48.83718;2.29687
16216;Radar feu rouge;2018-09-05T12:24;;48.87522;2.27155
16217;Radar feu rouge;2018-09-05T12:24;;48.88411;2.36773
16218;Radar feu rouge;2018-09-05T12:24;;48.86931;2.33831
16219;Radar feu rouge;2018-09-05T12:24;;48.8843;2.36107
16220;Radar feu rouge;2018-09-05T12:24;;48.87832;2.3536
16221;Radar feu rouge;2018-09-05T12:24;;48.83221;2.37974
16222;Radar feu rouge;2018-09-05T12:24;;48.86374;2.37157
16223;Radar feu rouge;2018-09-05T12:24;;48.87474;2.27069
16224;Radar feu rouge;2018-09-05T12:24;;48.85692;2.34858
16225;Radar feu rouge;2018-09-05T12:24;;48.86091;2.3408
16226;Radar feu rouge;2018-09-05T12:24;;49.4365;1.13427
16227;Radar feu rouge;2018-09-05T12:24;;49.52286;0.10446
16228;Radar feu rouge;2018-09-05T12:24;;49.90506;1.07685
16229;Radar feu rouge;2018-09-05T12:24;;49.38958;1.19947
16230;Radar feu rouge;2018-09-05T12:24;;49.42248;1.71688
16231;Radar feu rouge;2018-09-05T12:24;;49.45289;1.05604
16232;Radar feu rouge;2018-09-05T12:24;;49.53334;0.35628
16233;Radar feu rouge;2018-09-05T12:24;;49.4356;1.07725
16234;Radar feu rouge;2018-09-05T12:24;;49.4257;1.08262
16235;Radar feu rouge;2018-09-05T12:24;;49.48269;1.73581
16236;Radar feu rouge;2018-09-05T12:24;;49.91393;1.07488
16237;Radar feu rouge;2018-09-05T12:24;;49.48864;0.15095
16238;Radar feu rouge;2018-09-05T12:24;;49.75099;0.88116
16239;Radar feu rouge;2018-09-05T12:24;;49.44392;1.08523
16240;Radar feu rouge;2018-09-05T12:24;;49.90215;1.11774
16241;Radar feu rouge;2018-09-05T12:24;;49.9048;1.09274
16242;Radar feu rouge;2018-09-05T12:24;;48.967;2.69885
16243;Radar feu rouge;2018-09-05T12:24;;48.18572;2.73246
16244;Radar feu rouge;2018-09-05T12:24;;48.89345;2.13779
16245;Radar feu rouge;2018-09-05T12:24;;48.89287;2.14076
16246;Radar feu rouge;2018-09-05T12:24;;48.89715;2.11761
16247;Radar feu rouge;2018-09-05T12:24;;48.90286;2.13752
16248;Radar feu rouge;2018-09-05T12:24;;48.88807;2.12695
16249;Radar feu rouge;2018-09-05T12:24;;48.85559;2.10732
16250;Radar feu rouge;2018-09-05T12:24;;48.80545;2.13674
16251;Radar feu rouge;2018-09-05T12:24;;48.74872;1.92529
16252;Radar feu rouge;2018-09-05T12:24;;48.8238;1.94105
16253;Radar feu rouge;2018-09-05T12:24;;48.76926;1.94786
16254;Radar feu rouge;2018-09-05T12:24;;48.93856;2.03619
16255;Radar feu rouge;2018-09-05T12:24;;48.80679;2.12496
16256;Radar feu rouge;2018-09-05T12:24;;48.80519;2.13535
16257;Radar feu rouge;2018-09-05T12:24;;48.77629;2.03781
16258;Radar feu rouge;2018-09-05T12:24;;48.77623;2.03699
16259;Radar feu rouge;2018-09-05T12:24;;48.99018;1.71124
16260;Radar feu rouge;2018-09-05T12:24;;48.9388;2.03547
16261;Radar feu rouge;2018-09-05T12:24;;48.82331;1.94037
16262;Radar feu rouge;2018-09-05T12:24;;48.88902;2.10422
16263;Radar feu rouge;2018-09-05T12:24;;49.87529;2.32955
16264;Radar feu rouge;2018-09-05T12:24;;49.91591;2.29408
16265;Radar feu rouge;2018-09-05T12:24;;49.88553;2.3038
16266;Radar feu rouge;2018-09-05T12:24;;49.9037;2.28755
16267;Radar feu rouge;2018-09-05T12:24;;49.91509;2.2946
16268;Radar feu rouge;2018-09-05T12:24;;49.88613;2.30352
16269;Radar feu rouge;2018-09-05T12:24;;49.90878;2.32554
16270;Radar feu rouge;2018-09-05T12:24;;49.90247;2.32232
16271;Radar feu rouge;2018-09-05T12:24;;49.90147;2.33232
16272;Radar feu rouge;2018-09-05T12:24;;49.87342;2.35034
16273;Radar feu rouge;2018-09-05T12:24;;49.86795;2.2789
16274;Radar feu rouge;2018-09-05T12:24;;49.88915;2.28117
16275;Radar feu rouge;2018-09-05T12:24;;49.90049;2.29862
16276;Radar feu rouge;2018-09-05T12:24;;49.90235;2.32313
16277;Radar feu rouge;2018-09-05T12:24;;46.69814;-1.94682
16278;Radar feu rouge;2018-09-05T12:24;;47.603327;6.821876
16279;Radar feu rouge;2018-09-05T12:24;;47.602709;6.821456
16280;Radar feu rouge;2018-09-05T12:24;;48.63461;2.34375
16281;Radar feu rouge;2018-09-05T12:24;;48.63465;2.34434
16282;Radar feu rouge;2018-09-05T12:24;;48.67808;2.49661
16283;Radar feu rouge;2018-09-05T12:24;;48.67825;2.17504
16284;Radar feu rouge;2018-09-05T12:24;;48.67915;2.17443
16285;Radar feu rouge;2018-09-05T12:24;;48.63506;2.26621
16286;Radar feu rouge;2018-09-05T12:24;;48.69568;2.2987
16287;Radar feu rouge;2018-09-05T12:24;;48.75244;2.20435
16288;Radar feu rouge;2018-09-05T12:24;;48.59986;2.4805
16289;Radar feu rouge;2018-09-05T12:24;;48.60079;2.48071
16290;Radar feu rouge;2018-09-05T12:24;;48.67846;2.49589
16291;Radar feu rouge;2018-09-05T12:24;;48.63533;2.26618
16292;Radar feu rouge;2018-09-05T12:24;;48.7519;2.2069
16293;Radar feu rouge;2018-09-05T12:24;;48.92145;2.27804
16294;Radar feu rouge;2018-09-05T12:24;;48.84903;2.21399
16295;Radar feu rouge;2018-09-05T12:24;;48.83198;2.25377
16296;Radar feu rouge;2018-09-05T12:24;;48.81752;2.32554
16297;Radar feu rouge;2018-09-05T12:24;;48.88548;2.25099
16298;Radar feu rouge;2018-09-05T12:24;;48.84966;2.21356
16299;Radar feu rouge;2018-09-05T12:24;;48.90089;2.30803
16300;Radar feu rouge;2018-09-05T12:24;;48.79618;2.32178
16301;Radar feu rouge;2018-09-05T12:24;;48.83216;2.2525
16302;Radar feu rouge;2018-09-05T12:24;;48.91969;2.45184
16303;Radar feu rouge;2018-09-05T12:24;;48.9021;2.41414
16304;Radar feu rouge;2018-09-05T12:24;;48.88664;2.4719
16305;Radar feu rouge;2018-09-05T12:24;;48.7984;2.42036
16306;Radar feu rouge;2018-09-05T12:24;;48.8062;2.47139
16307;Radar feu rouge;2018-09-05T12:24;;48.79622;2.32246
16308;Radar feu rouge;2018-09-05T12:24;;48.736;2.44655
16309;Radar feu rouge;2018-09-05T12:24;;48.8135;2.51127
16310;Radar feu rouge;2018-09-05T12:24;;48.78313;2.44695
16311;Radar feu rouge;2018-09-05T12:24;;48.78119;2.44523
16312;Radar feu rouge;2018-09-05T12:24;;48.72769;2.44562
16313;Radar feu rouge;2018-09-05T12:24;;48.84992;2.43457
16314;Radar feu rouge;2018-09-05T12:24;;49.02346;2.3865
16315;Radar feu rouge;2018-09-05T12:24;;49.02258;2.3866
16316;Radar feu rouge;2018-09-05T12:24;;48.992;2.36021
16317;Radar feu rouge;2018-09-05T12:24;;48.99128;2.36026
16318;Radar feu rouge;2018-09-05T12:24;;48.95446;2.25471
16319;Radar feu rouge;2018-09-05T12:24;;48.9537;2.25439
16320;Radar feu rouge;2018-09-05T12:24;;48.95617;2.27969
16321;Radar feu rouge;2018-09-05T12:24;;48.95642;2.28088
16322;Radar feu rouge;2018-09-05T12:24;;48.9912;2.18182
16323;Radar feu rouge;2018-09-05T12:24;;48.991;2.18183
16324;Radar feu rouge;2018-09-05T12:24;;49.0855;2.31292
16325;Radar feu rouge;2018-09-05T12:24;;49.07198;2.32408
16326;Radar feu rouge;2018-09-05T12:24;;49.01393;2.09006
16327;Radar feu rouge;2018-09-05T12:24;;48.99406;2.19514
16328;Radar feu rouge;2018-09-05T12:24;;48.99453;2.19419
16329;Radar feu rouge;2018-09-05T12:24;;49.0154;2.07466
16330;Radar feu rouge;2018-09-05T12:24;;49.01594;2.07395
16331;Radar feu rouge;2018-09-05T12:24;;49.04332;2.01828
16332;Radar feu rouge;2018-09-05T12:24;;49.03172;2.07386
16333;Radar feu rouge;2018-09-05T12:24;;49.04758;2.05243
16334;Radar feu rouge;2018-09-05T12:24;;49.04205;2.09038
16335;Radar feu rouge;2018-09-05T12:24;;49.01345;2.0276
16336;Radar feu rouge;2018-09-05T12:24;;49.01058;2.02921
16337;Radar feu rouge;2018-09-05T12:24;;49.03508;2.03056
16338;Radar feu rouge;2018-09-05T12:24;;49.02326;2.11038
16339;Radar feu rouge;2018-09-05T12:24;;49.04004;2.11504
16340;Radar feu rouge;2018-09-05T12:24;;48.99505;2.37904
16341;Radar feu rouge;2018-09-05T12:24;;49.04268;2.01788
16342;Radar feu rouge;2018-09-05T12:24;;49.0549;2.01539
16343;Radar feu rouge;2018-09-05T12:24;;49.01019;2.02831
16344;Radar feu rouge;2018-09-05T12:24;;43.82798;5.78724
16345;Radar feu rouge;2018-09-05T12:24;;43.55078;6.9993
16346;Radar feu rouge;2018-09-05T12:24;;43.5505;6.99385
16347;Radar feu rouge;2018-09-05T12:24;;43.6564;7.15538
16348;Radar feu rouge;2018-09-05T12:24;;43.65602;7.15467
16349;Radar feu rouge;2018-09-05T12:24;;43.70104;7.28703
16350;Radar feu rouge;2018-09-05T12:25;;43.6939;7.25678
16351;Radar feu rouge;2018-09-05T12:25;;43.70066;7.28726
16352;Radar feu rouge;2018-09-05T12:25;;43.65658;7.17826
16353;Radar feu rouge;2018-09-05T12:25;;43.65672;7.17887
16354;Radar feu rouge;2018-09-05T12:25;;43.70582;7.28212
16355;Radar feu rouge;2018-09-05T12:25;;43.70621;7.28195
16356;Radar feu rouge;2018-09-05T12:25;;43.54651;7.03734
16357;Radar feu rouge;2018-09-05T12:25;;43.73102;7.28662
16358;Radar feu rouge;2018-09-05T12:25;;43.72507;7.40117
16359;Radar feu rouge;2018-09-05T12:25;;43.72464;7.39247
16360;Radar feu rouge;2018-09-05T12:25;;43.73099;7.28666
16361;Radar feu rouge;2018-09-05T12:25;;43.65045;7.15156
16362;Radar feu rouge;2018-09-05T12:25;;43.65054;7.15151
16363;Radar feu rouge;2018-09-05T12:25;;43.65448;7.15808
16364;Radar feu rouge;2018-09-05T12:25;;43.70048;7.25156
16365;Radar feu rouge;2018-09-05T12:25;;43.70619;7.28233
16366;Radar feu rouge;2018-09-05T12:25;;43.57189;7.10754
16367;Radar feu rouge;2018-09-05T12:25;;43.6772;7.20083
16368;Radar feu rouge;2018-09-05T12:25;;43.28818;5.39244
16369;Radar feu rouge;2018-09-05T12:25;;43.26086;5.38713
16370;Radar feu rouge;2018-09-05T12:25;;43.34715;5.37879
16371;Radar feu rouge;2018-09-05T12:25;;43.3063;5.40084
16372;Radar feu rouge;2018-09-05T12:25;;43.30942;5.40289
16373;Radar feu rouge;2018-09-05T12:25;;43.27617;5.41774
16374;Radar feu rouge;2018-09-05T12:25;;43.33371;5.39887
16375;Radar feu rouge;2018-09-05T12:25;;43.3879;4.80286
16376;Radar feu rouge;2018-09-05T12:25;;43.41394;5.05714
16377;Radar feu rouge;2018-09-05T12:25;;43.36754;5.24822
16378;Radar feu rouge;2018-09-05T12:25;;43.5445;5.04133
16379;Radar feu rouge;2018-09-05T12:25;;43.36726;5.24736
16380;Radar feu rouge;2018-09-05T12:25;;43.59126;5.00388
16381;Radar feu rouge;2018-09-05T12:25;;43.59209;5.00395
16382;Radar feu rouge;2018-09-05T12:25;;43.51207;4.98203
16383;Radar feu rouge;2018-09-05T12:25;;43.67508;4.63182
16384;Radar feu rouge;2018-09-05T12:25;;43.28414;5.38485
16385;Radar feu rouge;2018-09-05T12:25;;43.2908;5.40002
16386;Radar feu rouge;2018-09-05T12:25;;43.33331;5.3991
16387;Radar feu rouge;2018-09-05T12:25;;43.29019;5.39996
16388;Radar feu rouge;2018-09-05T12:25;;43.51145;4.98179
16389;Radar feu rouge;2018-09-05T12:25;;43.86893;4.83622
16390;Radar feu rouge;2018-09-05T12:25;;43.6458;5.57805
16391;Radar feu rouge;2018-09-05T12:25;;43.34434;5.60381
16392;Radar feu rouge;2018-09-05T12:25;;43.28721;5.62301
16393;Radar feu rouge;2018-09-05T12:25;;43.27582;5.69981
16394;Radar feu rouge;2018-09-05T12:25;;43.88808;4.85465
16395;Radar feu rouge;2018-09-05T12:25;;43.41124;5.3056
16396;Radar feu rouge;2018-09-05T12:25;;43.19065;5.64134
16397;Radar feu rouge;2018-09-05T12:25;;43.80767;4.99503
16398;Radar feu rouge;2018-09-05T12:25;;43.41083;4.98326
16399;Radar feu rouge;2018-09-05T12:25;;43.28783;5.62328
16400;Radar feu rouge;2018-09-05T12:25;;43.34536;5.60345
16401;Radar feu rouge;2018-09-05T12:25;;43.64589;5.57774
16402;Radar feu rouge;2018-09-05T12:25;;43.88792;4.85359
16403;Radar feu rouge;2018-09-05T12:25;;43.39546;5.3434
16404;Radar feu rouge;2018-09-05T12:25;;43.39472;5.34375
16405;Radar feu rouge;2018-09-05T12:25;;43.80724;4.99509
16406;Radar feu rouge;2018-09-05T12:25;;43.4113;4.98361
16407;Radar feu rouge;2018-09-05T12:25;;44.92177;2.43986
16408;Radar feu rouge;2018-09-05T12:25;;44.91238;2.43848
16409;Radar feu rouge;2018-09-05T12:25;;44.55906;4.72964
16410;Radar feu rouge;2018-09-05T12:25;;44.91317;4.87781
16411;Radar feu rouge;2018-09-05T12:25;;45.04504;5.06501
16412;Radar feu rouge;2018-09-05T12:25;;45.54121;4.85427
16413;Radar feu rouge;2018-09-05T12:25;;45.1799;5.70476
16414;Radar feu rouge;2018-09-05T12:25;;45.162;5.71528
16415;Radar feu rouge;2018-09-05T12:25;;45.13392;5.70102
16416;Radar feu rouge;2018-09-05T12:25;;45.17027;5.75931
16417;Radar feu rouge;2018-09-05T12:25;;45.19493;5.67736
16418;Radar feu rouge;2018-09-05T12:25;;45.19219;5.69492
16419;Radar feu rouge;2018-09-05T12:25;;45.44229;4.37915
16420;Radar feu rouge;2018-09-05T12:25;;45.42327;4.3913
16421;Radar feu rouge;2018-09-05T12:25;;45.4039;4.36654
16422;Radar feu rouge;2018-09-05T12:25;;45.41575;4.40116
16423;Radar feu rouge;2018-09-05T12:25;;45.4234;4.39222
16424;Radar feu rouge;2018-09-05T12:25;;45.4032;4.36445
16425;Radar feu rouge;2018-09-05T12:25;;45.44198;4.3789
16426;Radar feu rouge;2018-09-05T12:25;;46.04832;4.06829
16427;Radar feu rouge;2018-09-05T12:25;;46.05054;4.06623
16428;Radar feu rouge;2018-09-05T12:25;;46.05085;4.06706
16429;Radar feu rouge;2018-09-05T12:25;;45.79706;3.11637
16430;Radar feu rouge;2018-09-05T12:25;;45.78934;3.11806
16431;Radar feu rouge;2018-09-05T12:25;;45.77853;3.11069
16432;Radar feu rouge;2018-09-05T12:25;;45.77158;3.0935
16433;Radar feu rouge;2018-09-05T12:25;;45.73871;3.20065
16434;Radar feu rouge;2018-09-05T12:25;;45.76192;3.12648
16435;Radar feu rouge;2018-09-05T12:25;;45.76242;3.12623
16436;Radar feu rouge;2018-09-05T12:25;;45.90042;3.1042
16437;Radar feu rouge;2018-09-05T12:25;;45.77319;3.12052
16438;Radar feu rouge;2018-09-05T12:25;;45.9011;3.10344
16439;Radar feu rouge;2018-09-05T12:25;;45.74797;4.8439
16440;Radar feu rouge;2018-09-05T12:25;;45.77362;4.79481
16441;Radar feu rouge;2018-09-05T12:25;;45.74202;4.85079
16442;Radar feu rouge;2018-09-05T12:25;;45.69369;4.87473
16443;Radar feu rouge;2018-09-05T12:25;;45.76935;4.86029
16444;Radar feu rouge;2018-09-05T12:25;;46.10916;4.73378
16445;Radar feu rouge;2018-09-05T12:25;;45.77893;4.8672
16446;Radar feu rouge;2018-09-05T12:25;;45.74591;4.92743
16447;Radar feu rouge;2018-09-05T12:25;;45.7636;4.85694
16448;Radar feu rouge;2018-09-05T12:25;;45.75161;4.83749
16449;Radar feu rouge;2018-09-05T12:25;;45.70614;4.88751
16450;Radar feu rouge;2018-09-05T12:25;;45.75788;4.77445
16451;Radar feu rouge;2018-09-05T12:25;;45.60495;4.77981
16452;Radar feu rouge;2018-09-05T12:25;;45.7516;4.83755
16453;Radar feu rouge;2018-09-05T12:25;;45.58865;4.77085
16454;Radar feu rouge;2018-09-05T12:25;;45.60486;4.78083
16455;Radar feu rouge;2018-09-05T12:25;;45.57556;5.90696
16456;Radar feu rouge;2018-09-05T12:25;;45.67192;6.38616
16457;Radar feu rouge;2018-09-05T12:25;;45.57623;5.90712
16458;Radar feu rouge;2018-09-05T12:25;;45.6636;6.36369
16459;Radar feu rouge;2018-09-05T12:25;;45.91141;6.12117
16460;Radar feu rouge;2018-09-05T12:25;;46.18596;6.24764
16461;Radar feu rouge;2018-09-05T12:25;;46.19269;6.24503
16462;Radar feu rouge;2018-09-05T12:25;;46.31815;6.33026
16463;Radar feu rouge;2018-09-05T12:25;;46.37388;6.48532
16464;Radar feu rouge;2018-09-05T12:25;;46.18588;6.23654
16465;Radar feu rouge;2018-09-05T12:25;;46.37059;6.4708
16466;Radar feu rouge;2018-09-05T12:25;;43.12831;5.92403
16467;Radar feu rouge;2018-09-05T12:25;;43.12881;5.90167
16468;Radar feu rouge;2018-09-05T12:25;;43.1316;5.9935
16469;Radar feu rouge;2018-09-05T12:25;;43.10711;5.87689
16470;Radar feu rouge;2018-09-05T12:25;;43.0886;5.89895
16471;Radar feu rouge;2018-09-05T12:25;;43.13722;5.85076
16472;Radar feu rouge;2018-09-05T12:25;;43.11534;5.93529
16473;Radar feu rouge;2018-09-05T12:25;;43.11008;5.96905
16474;Radar feu rouge;2018-09-05T12:25;;43.11379;5.95812
16475;Radar feu rouge;2018-09-05T12:25;;43.42589;6.72794
16476;Radar feu rouge;2018-09-05T12:25;;43.42677;6.72699
16477;Radar feu rouge;2018-09-05T12:25;;43.43592;6.73045
16478;Radar feu rouge;2018-09-05T12:25;;43.43448;6.75841
16479;Radar feu rouge;2018-09-05T12:25;;43.43455;6.75722
16480;Radar feu rouge;2018-09-05T12:25;;43.11039;5.96927
16481;Radar feu rouge;2018-09-05T12:25;;43.505;6.4825
16482;Radar feu rouge;2018-09-05T12:25;;43.50357;6.48352
16483;Radar feu rouge;2018-09-05T12:25;;43.12167;5.94097
16484;Radar feu rouge;2018-09-05T12:25;;43.12836;6.00919
16485;Radar feu rouge;2018-09-05T12:25;;43.5221;6.46612
16486;Radar feu rouge;2018-09-05T12:25;;43.14304;5.98846
16487;Radar feu rouge;2018-09-05T12:25;;43.13677;5.98734
16488;Radar feu rouge;2018-09-05T12:25;;43.1365;5.98569
16489;Radar feu rouge;2018-09-05T12:25;;43.12155;5.94077
16490;Radar feu rouge;2018-09-05T12:25;;43.11793;6.12852
16491;Radar feu rouge;2018-09-05T12:25;;43.11838;6.13148
16492;Radar feu rouge;2018-09-05T12:25;;43.83186;5.0395
16493;Radar feu rouge;2018-09-05T12:25;;44.06034;5.04881
16494;Radar feu rouge;2018-09-05T12:25;;43.86801;5.14308
16495;Radar feu rouge;2018-09-05T12:25;;43.9922;4.86416
16496;Radar feu rouge;2018-09-05T12:25;;43.95334;4.81345
16497;Radar feu rouge;2018-09-05T12:25;;43.9308;4.82525
16498;Radar feu rouge;2018-09-05T12:25;;44.13865;4.80827
16499;Radar feu rouge;2018-09-05T12:25;;43.93195;4.82916
16500;Radar feu rouge;2018-09-05T12:25;;43.93211;4.82931
16501;Radar feu rouge;2018-09-05T12:25;;43.94043;4.836
16502;Radar feu rouge;2018-09-05T12:25;;43.93322;4.87256
16503;Radar feu rouge;2018-09-05T12:25;;43.96292;4.86028
16504;Radar feu rouge;2018-09-05T12:25;;44.0545;5.04254
16505;Radar feu rouge;2018-09-05T12:25;;44.05396;5.04231
16506;Radar feu rouge;2018-09-05T12:25;;43.93961;4.82101
16507;Radar feu rouge;2018-09-05T12:25;;43.95166;4.83401
16508;Radar feu rouge;2018-09-05T12:25;;44.13536;4.81218
16509;Radar feu rouge;2018-09-05T12:25;;44.13645;4.80389
16510;Radar feu rouge;2018-09-05T12:25;;43.83845;5.04889
16511;Radar feu rouge;2018-09-05T12:25;;43.95788;4.93408
16512;Radar feu rouge;2018-09-05T12:25;;43.93614;4.78173
16513;Radar feu rouge;2018-09-05T12:25;;43.93553;4.7819
16514;Radar feu rouge;2018-09-05T12:25;;43.94717;4.81395
16515;Radar Passage à Niveau;2018-09-05T12:25;;44.63323;4.74498
16516;Radar Passage à Niveau;2018-09-05T12:25;;44.63175;4.74392
16517;Radar feu rouge;2018-09-05T12:25;;42.93519;1.85019
16518;Radar feu rouge;2018-09-05T12:25;;43.20357;2.76119
16519;Radar feu rouge;2018-09-05T12:25;;43.1876;2.54953
16520;Radar feu rouge;2018-09-05T12:25;;43.21278;2.34516
16521;Radar feu rouge;2018-09-05T12:25;;43.21639;2.3526
16522;Radar feu rouge;2018-09-05T12:25;;43.20329;2.76218
16523;Radar feu rouge;2018-09-05T12:25;;43.21638;2.35645
16524;Radar Passage à Niveau;2018-09-05T12:25;;43.64836;5.545
16525;Radar Passage à Niveau;2018-09-05T12:25;;43.64836;5.54583
16526;Radar feu rouge;2018-09-05T12:25;;45.65165;0.13139
16527;Radar feu rouge;2018-09-05T12:25;;45.6464;0.17321
16528;Radar feu rouge;2018-09-05T12:25;;45.65336;0.14725
16529;Radar feu rouge;2018-09-05T12:25;;45.65085;0.18468
16530;Radar feu rouge;2018-09-05T12:25;;45.65158;0.12756
16531;Radar feu rouge;2018-09-05T12:25;;45.64568;0.15273
16532;Radar feu rouge;2018-09-05T12:25;;45.67155;0.15949
16533;Radar feu rouge;2018-09-05T12:25;;45.67904;0.16341
16534;Radar feu rouge;2018-09-05T12:25;;45.67261;0.17396
16535;Radar feu rouge;2018-09-05T12:25;;45.6768;0.21978
16536;Radar feu rouge;2018-09-05T12:25;;45.68867;-0.3363
16537;Radar feu rouge;2018-09-05T12:25;;45.67311;-0.30716
16538;Radar feu rouge;2018-09-05T12:25;;45.67241;-0.30645
16539;Radar feu rouge;2018-09-05T12:25;;45.67392;-0.3285
16540;Radar feu rouge;2018-09-05T12:25;;45.67315;-0.32857
16541;Radar feu rouge;2018-09-05T12:25;;45.7362;0.38625
16542;Radar feu rouge;2018-09-05T12:25;;45.74342;0.38744
16543;Radar feu rouge;2018-09-05T12:25;;45.74396;0.38708
16544;Radar feu rouge;2018-09-05T12:25;;45.74043;0.38746
16545;Radar feu rouge;2018-09-05T12:25;;45.74126;0.3874
16546;Radar feu rouge;2018-09-05T12:25;;45.88595;0.58245
16547;Radar feu rouge;2018-09-05T12:25;;45.88598;0.58375
16548;Radar feu rouge;2018-09-05T12:25;;45.67208;0.15921
16549;Radar feu rouge;2018-09-05T12:25;;45.6468;0.17282
16550;Radar feu rouge;2018-09-05T12:25;;45.65341;0.1659
16551;Radar feu rouge;2018-09-05T12:25;;46.1546;-1.1361
16552;Radar feu rouge;2018-09-05T12:25;;46.17298;-1.15026
16553;Radar feu rouge;2018-09-05T12:25;;45.62432;-1.02376
16554;Radar feu rouge;2018-09-05T12:25;;45.62408;-1.02926
16555;Radar feu rouge;2018-09-05T12:25;;46.15525;-1.13561
16556;Radar feu rouge;2018-09-05T12:25;;46.17364;-1.15061
16557;Radar Passage à Niveau;2018-09-05T12:25;;47.23838;2.03026
16558;Radar feu rouge;2018-09-05T12:25;;45.15757;1.52408
16559;Radar feu rouge;2018-09-05T12:25;;45.16086;1.53328
16560;Radar feu rouge;2018-09-05T12:25;;45.15726;1.52329
16561;Radar Passage à Niveau;2018-09-05T12:25;;45.22979;1.42128
16562;Radar Passage à Niveau;2018-09-05T12:25;;45.22957;1.42069
16563;Radar feu rouge;2018-09-05T12:25;;45.18631;0.70431
16564;Radar feu rouge;2018-09-05T12:25;;45.19515;0.7033
16565;Radar feu rouge;2018-09-05T12:25;;45.18788;0.72969
16566;Radar feu rouge;2018-09-05T12:25;;45.12933;1.22694
16567;Radar feu rouge;2018-09-05T12:25;;45.54226;0.97677
16568;Radar Passage à Niveau;2018-09-05T12:25;;48.74284;0.92666
16569;Radar Passage à Niveau;2018-09-05T12:25;;48.74316;0.92705
16570;Radar feu rouge;2018-09-05T12:25;;43.7276;4.22063
16571;Radar feu rouge;2018-09-05T12:25;;44.13407;4.07858
16572;Radar feu rouge;2018-09-05T12:25;;43.79205;4.38122
16573;Radar feu rouge;2018-09-05T12:25;;44.26198;4.64364
16574;Radar feu rouge;2018-09-05T12:25;;44.17159;4.10532
16575;Radar feu rouge;2018-09-05T12:25;;43.82058;4.34006
16576;Radar feu rouge;2018-09-05T12:25;;43.82819;4.35223
16577;Radar feu rouge;2018-09-05T12:25;;44.11096;4.08042
16578;Radar feu rouge;2018-09-05T12:25;;43.826519;4.331583
16579;Radar feu rouge;2018-09-05T12:25;;43.83747;4.32869
16580;Radar feu rouge;2018-09-05T12:25;;43.84199;4.38742
16581;Radar feu rouge;2018-09-05T12:25;;43.84966;4.37393
16582;Radar feu rouge;2018-09-05T12:25;;44.13382;4.08315
16583;Radar feu rouge;2018-09-05T12:25;;43.83062;4.55928
16584;Radar feu rouge;2018-09-05T12:25;;43.83064;4.56137
16585;Radar feu rouge;2018-09-05T12:25;;43.93885;4.56413
16586;Radar feu rouge;2018-09-05T12:25;;43.84183;4.31348
16587;Radar feu rouge;2018-09-05T12:25;;43.83714;4.34567
16588;Radar feu rouge;2018-09-05T12:25;;43.85468;4.39993
16589;Radar feu rouge;2018-09-05T12:25;;44.10535;4.08202
16590;Radar feu rouge;2018-09-05T12:25;;43.60503;1.47814
16591;Radar feu rouge;2018-09-05T12:25;;43.58659;1.40677
16592;Radar feu rouge;2018-09-05T12:25;;43.63303;1.43358
16593;Radar feu rouge;2018-09-05T12:25;;43.6088;1.45439
16594;Radar feu rouge;2018-09-05T12:25;;43.55849;1.40241
16595;Radar feu rouge;2018-09-05T12:25;;43.55818;1.40154
16596;Radar feu rouge;2018-09-05T12:25;;43.61426;1.45043
16597;Radar feu rouge;2018-09-05T12:25;;43.65913;1.41858
16598;Radar feu rouge;2018-09-05T12:25;;43.6504;1.4721
16599;Radar feu rouge;2018-09-05T12:25;;43.62142;1.42486
16600;Radar feu rouge;2018-09-05T12:25;;43.53315;1.34365
16601;Radar feu rouge;2018-09-05T12:25;;43.64143;1.46687
16602;Radar feu rouge;2018-09-05T12:25;;43.59443;1.45711
16603;Radar feu rouge;2018-09-05T12:25;;43.56676;1.45867
16604;Radar feu rouge;2018-09-05T12:25;;43.59323;1.4287
16605;Radar feu rouge;2018-09-05T12:25;;43.64843;1.43887
16606;Radar feu rouge;2018-09-05T12:25;;43.55761;1.40172
16607;Radar Passage à Niveau;2018-09-05T12:25;;43.59405;1.42124
16608;Radar Passage à Niveau;2018-09-05T12:25;;43.59349;1.42078
16609;Radar feu rouge;2018-09-05T12:25;;44.84511;-0.57819
16610;Radar feu rouge;2018-09-05T12:25;;44.81492;-0.57305
16611;Radar feu rouge;2018-09-05T12:25;;44.83694;-0.59909
16612;Radar feu rouge;2018-09-05T12:25;;44.82823;-0.56121
16613;Radar feu rouge;2018-09-05T12:25;;44.85439;-0.57261
16614;Radar feu rouge;2018-09-05T12:25;;44.86011;-0.5691
16615;Radar feu rouge;2018-09-05T12:25;;44.81436;-0.57268
16616;Radar feu rouge;2018-09-05T12:25;;44.85754;-0.59089
16617;Radar feu rouge;2018-09-05T12:25;;44.85653;-0.59133
16618;Radar feu rouge;2018-09-05T12:25;;44.83454;-0.67196
16619;Radar feu rouge;2018-09-05T12:25;;44.8345;-0.67196
16620;Radar feu rouge;2018-09-05T12:25;;44.81973;-0.59745
16621;Radar feu rouge;2018-09-05T12:25;;44.82026;-0.59722
16622;Radar feu rouge;2018-09-05T12:25;;44.82707;-0.57297
16623;Radar feu rouge;2018-09-05T12:25;;43.60871;3.8409
16624;Radar feu rouge;2018-09-05T12:25;;43.61259;3.8671
16625;Radar feu rouge;2018-09-05T12:25;;43.34735;3.21812
16626;Radar feu rouge;2018-09-05T12:25;;43.62356;3.8618
16627;Radar feu rouge;2018-09-05T12:25;;43.60152;3.88475
16628;Radar feu rouge;2018-09-05T12:25;;43.58181;3.86399
16629;Radar feu rouge;2018-09-05T12:25;;43.35416;3.23051
16630;Radar feu rouge;2018-09-05T12:25;;43.34702;3.21874
16631;Radar feu rouge;2018-09-05T12:25;;43.34271;3.22119
16632;Radar feu rouge;2018-09-05T12:25;;43.59652;3.84553
16633;Radar feu rouge;2018-09-05T12:25;;43.59671;3.84458
16634;Radar feu rouge;2018-09-05T12:25;;43.61974;3.86508
16635;Radar feu rouge;2018-09-05T12:25;;43.34471;3.23386
16636;Radar feu rouge;2018-09-05T12:25;;43.61993;3.84985
16637;Radar feu rouge;2018-09-05T12:25;;43.58921;3.88444
16638;Radar feu rouge;2018-09-05T12:25;;43.62588;3.88183
16639;Radar feu rouge;2018-09-05T12:25;;43.59694;3.89264
16640;Radar feu rouge;2018-09-05T12:25;;43.65381;3.96754
16641;Radar feu rouge;2018-09-05T12:25;;43.62027;3.85001
16642;Radar feu rouge;2018-09-05T12:25;;43.65376;3.96748
16643;Radar Passage à Niveau;2018-09-05T12:25;;43.63025;3.90981
16644;Radar Passage à Niveau;2018-09-05T12:25;;43.62992;3.91044
16645;Radar Passage à Niveau;2018-09-05T12:25;;43.67965;4.12201
16646;Radar Passage à Niveau;2018-09-05T12:25;;43.67967;4.12194
16647;Radar Passage à Niveau;2018-09-05T12:25;;43.31805;3.46783
16648;Radar Passage à Niveau;2018-09-05T12:25;;43.31902;3.47559
16649;Radar Passage à Niveau;2018-09-05T12:25;;43.67902;4.12215
16650;Radar Passage à Niveau;2018-09-05T12:25;;43.31738;3.46801
16651;Radar Passage à Niveau;2018-09-05T12:25;;48.27413;-1.66806
16652;Radar Passage à Niveau;2018-09-05T12:25;;48.27419;-1.66717
16653;Radar Passage à Niveau;2018-09-05T12:25;;47.30782;0.36312
16654;Radar Passage à Niveau;2018-09-05T12:25;;47.30805;0.36313
16655;Radar Passage à Niveau;2018-09-05T12:25;;45.62753;5.15145
16656;Radar Passage à Niveau;2018-09-05T12:25;;45.62673;5.15192
16657;Radar feu rouge;2018-09-05T12:25;;43.69448;-1.0693
16658;Radar feu rouge;2018-09-05T12:25;;43.8946;-0.51332
16659;Radar feu rouge;2018-09-05T12:25;;43.87838;-0.47799
16660;Radar Passage à Niveau;2018-09-05T12:25;;43.91955;-0.91751
16661;Radar Passage à Niveau;2018-09-05T12:25;;45.3639;3.31065
16662;Radar Passage à Niveau;2018-09-05T12:25;;45.36421;3.30968
16663;Radar Passage à Niveau;2018-09-05T12:25;;47.16053;-1.38496
16664;Radar Passage à Niveau;2018-09-05T12:25;;47.10614;-1.78975
16665;Radar Passage à Niveau;2018-09-05T12:25;;47.16025;-1.38446
16666;Radar Passage à Niveau;2018-09-05T12:25;;47.10554;-1.79026
16667;Radar Passage à Niveau;2018-09-05T12:25;;48.1035;2.77429
16668;Radar Passage à Niveau;2018-09-05T12:25;;48.10317;2.77446
16669;Radar feu rouge;2018-09-05T12:25;;44.20058;0.63367
16670;Radar feu rouge;2018-09-05T12:26;;44.39838;0.70698
16671;Radar feu rouge;2018-09-05T12:26;;44.39777;0.70748
16672;Radar feu rouge;2018-09-05T12:26;;44.19424;0.62899
16673;Radar feu rouge;2018-09-05T12:26;;44.41564;0.72988
16674;Radar feu rouge;2018-09-05T12:26;;44.20629;0.61152
16675;Radar feu rouge;2018-09-05T12:26;;44.42009;0.72001
16676;Radar feu rouge;2018-09-05T12:26;;44.19173;0.61525
16677;Radar feu rouge;2018-09-05T12:26;;44.20196;0.5517
16678;Radar feu rouge;2018-09-05T12:26;;44.50161;0.15814
16679;Radar Passage à Niveau;2018-09-05T12:26;;44.507;0.16015
16680;Radar Passage à Niveau;2018-09-05T12:26;;44.50187;0.17136
16681;Radar Passage à Niveau;2018-09-05T12:26;;44.50144;0.17034
16682;Radar Passage à Niveau;2018-09-05T12:26;;44.50768;0.16004
16683;Radar Passage à Niveau;2018-09-05T12:26;;50.75275;2.49104
16684;Radar Passage à Niveau;2018-09-05T12:26;;50.75267;2.4909
16685;Radar Passage à Niveau;2018-09-05T12:26;;50.66037;3.08054
16686;Radar Passage à Niveau;2018-09-05T12:26;;50.39033;3.48627
16687;Radar Passage à Niveau;2018-09-05T12:26;;50.38977;3.48682
16688;Radar Passage à Niveau;2018-09-05T12:26;;50.60643;2.98773
16689;Radar Passage à Niveau;2018-09-05T12:26;;50.60574;2.98873
16690;Radar Passage à Niveau;2018-09-05T12:26;;49.09549;2.74364
16691;Radar Passage à Niveau;2018-09-05T12:26;;49.0945;2.74575
16692;Radar Passage à Niveau;2018-09-05T12:26;;50.29317;2.80525
16693;Radar Passage à Niveau;2018-09-05T12:26;;50.29251;2.80568
16694;Radar feu rouge;2018-09-05T12:26;;43.30487;-0.37013
16695;Radar feu rouge;2018-09-05T12:26;;43.42037;-1.60707
16696;Radar feu rouge;2018-09-05T12:26;;43.49267;-0.78083
16697;Radar feu rouge;2018-09-05T12:26;;43.49819;-1.49149
16698;Radar feu rouge;2018-09-05T12:26;;43.30193;-0.39579
16699;Radar feu rouge;2018-09-05T12:26;;43.487;-1.53665
16700;Radar feu rouge;2018-09-05T12:26;;43.48513;-1.49443
16701;Radar feu rouge;2018-09-05T12:26;;43.31209;-0.37748
16702;Radar feu rouge;2018-09-05T12:26;;43.48769;-1.48318
16703;Radar feu rouge;2018-09-05T12:26;;43.29612;-0.37833
16704;Radar feu rouge;2018-09-05T12:26;;43.43801;-1.58931
16705;Radar feu rouge;2018-09-05T12:26;;43.3139;-0.41791
16706;Radar feu rouge;2018-09-05T12:26;;43.31374;-0.37561
16707;Radar feu rouge;2018-09-05T12:26;;43.31104;-0.32382
16708;Radar feu rouge;2018-09-05T12:26;;43.31168;-0.32286
16709;Radar feu rouge;2018-09-05T12:26;;43.31908;-0.368
16710;Radar feu rouge;2018-09-05T12:26;;43.50358;-1.46966
16711;Radar feu rouge;2018-09-05T12:26;;43.22775;0.05619
16712;Radar feu rouge;2018-09-05T12:26;;43.22046;0.06367
16713;Radar feu rouge;2018-09-05T12:26;;42.74836;0.19113
16714;Radar feu rouge;2018-09-05T12:26;;42.68811;2.87444
16715;Radar feu rouge;2018-09-05T12:26;;42.6893;2.88492
16716;Radar feu rouge;2018-09-05T12:26;;42.68933;2.88496
16717;Radar feu rouge;2018-09-05T12:26;;42.70914;2.89845
16718;Radar feu rouge;2018-09-05T12:26;;42.70862;2.89901
16719;Radar feu rouge;2018-09-05T12:26;;42.69569;2.90577
16720;Radar feu rouge;2018-09-05T12:26;;42.6927;2.90393
16721;Radar feu rouge;2018-09-05T12:26;;42.69311;2.90425
16722;Radar feu rouge;2018-09-05T12:26;;42.68724;2.90135
16723;Radar feu rouge;2018-09-05T12:26;;42.67727;2.90517
16724;Radar feu rouge;2018-09-05T12:26;;42.69394;2.87247
16725;Radar feu rouge;2018-09-05T12:26;;42.68945;2.90664
16726;Radar Passage à Niveau;2018-09-05T12:26;;47.80932;7.10366
16727;Radar Passage à Niveau;2018-09-05T12:26;;47.80885;7.10519
16728;Radar Passage à Niveau;2018-09-05T12:26;;45.8568;4.70118
16729;Radar Passage à Niveau;2018-09-05T12:26;;45.8568;4.7
16730;Radar Passage à Niveau;2018-09-05T12:26;;45.45942;4.76249
16731;Radar Passage à Niveau;2018-09-05T12:26;;45.4589;4.76154
16732;Radar Passage à Niveau;2018-09-05T12:26;;46.86264;4.24566
16733;Radar Passage à Niveau;2018-09-05T12:26;;46.86327;4.2466
16734;Radar Passage à Niveau;2018-09-05T12:26;;47.97964;0.20154
16735;Radar Passage à Niveau;2018-09-05T12:26;;47.97961;0.2007
16736;Radar Passage à Niveau;2018-09-05T12:26;;48.03382;0.16992
16737;Radar Passage à Niveau;2018-09-05T12:26;;48.03395;0.17135
16738;Radar Passage à Niveau;2018-09-05T12:26;;45.68552;5.90926
16739;Radar Passage à Niveau;2018-09-05T12:26;;45.68559;5.90981
16740;Radar Passage à Niveau;2018-09-05T12:26;;49.61465;1.55257
16741;Radar Passage à Niveau;2018-09-05T12:26;;49.61458;1.55173
16742;Radar Passage à Niveau;2018-09-05T12:26;;49.48361;1.73571
16743;Radar Passage à Niveau;2018-09-05T12:26;;48.26675;2.68601
16744;Radar Passage à Niveau;2018-09-05T12:26;;48.26681;2.68713
16745;Radar feu rouge;2018-09-05T12:26;;46.31552;-0.50317
16746;Radar feu rouge;2018-09-05T12:26;;46.99237;-0.21773
16747;Radar feu rouge;2018-09-05T12:26;;46.992;-0.21698
16748;Radar feu rouge;2018-09-05T12:26;;46.33938;-0.44639
16749;Radar feu rouge;2018-09-05T12:26;;46.41212;-0.20987
16750;Radar feu rouge;2018-09-05T12:26;;44.03451;1.11765
16751;Radar feu rouge;2018-09-05T12:26;;44.01735;1.32003
16752;Radar feu rouge;2018-09-05T12:26;;44.0358;1.37074
16753;Radar feu rouge;2018-09-05T12:26;;44.01274;1.34584
16754;Radar feu rouge;2018-09-05T12:26;;44.02291;1.34843
16755;Radar feu rouge;2018-09-05T12:26;;44.00791;1.36018
16756;Radar feu rouge;2018-09-05T12:26;;44.01752;1.36995
16757;Radar feu rouge;2018-09-05T12:26;;46.56329;0.38156
16758;Radar feu rouge;2018-09-05T12:26;;46.54325;0.41506
16759;Radar feu rouge;2018-09-05T12:26;;46.63856;0.35866
16760;Radar feu rouge;2018-09-05T12:26;;46.63813;0.35816
16761;Radar feu rouge;2018-09-05T12:26;;46.55188;0.32128
16762;Radar Passage à Niveau;2018-09-05T12:26;;45.96016;1.16992
16763;Radar Passage à Niveau;2018-09-05T12:26;;45.95989;1.17052
16764;Radar Passage à Niveau;2018-09-05T12:26;;47.8219;3.58685
16765;Radar Passage à Niveau;2018-09-05T12:26;;47.82254;3.58734
16766;Radar Passage à Niveau;2018-09-05T12:26;;48.53784;2.37411
16767;Radar Passage à Niveau;2018-09-05T12:26;;48.53771;2.37489
16768;Radar Passage à Niveau;2018-09-05T12:26;;48.56515;2.17145
16769;Radar Passage à Niveau;2018-09-05T12:26;;48.5646;2.17204
16770;Radar Passage à Niveau;2018-09-05T12:26;;48.97523;2.33639
16771;Radar Passage à Niveau;2018-09-05T12:26;;48.97519;2.33751
16772;Radar Vitesse Moyenne;2018-09-05T12:26;;47.215305;6.010006
16773;Radar Vitesse Moyenne;2018-09-05T12:26;;47.297645;-2.178384
16774;Radar Vitesse Moyenne;2018-09-05T12:26;;44.3661;0.71799
16775;Radar Vitesse Moyenne;2018-09-05T12:26;;46.36678;-0.24597
16776;Radar Vitesse Moyenne;2018-09-05T12:26;;44.17134;4.1417
16777;Radar Vitesse Moyenne;2018-09-05T12:26;;44.1597;4.11727
16778;Radar Vitesse Moyenne;2018-09-05T12:26;;43.72674;4.60756
16779;Radar Vitesse Moyenne;2018-09-05T12:26;;45.40673;1.54349
16780;Radar Vitesse Moyenne;2018-09-05T12:26;;47.2986;-2.1784
16781;Radar Vitesse Moyenne;2018-09-05T12:26;;43.03839;1.63083
16782;Radar Vitesse Moyenne;2018-09-05T12:26;;43.00674;1.6139
16783;Radar Vitesse Moyenne;2018-09-05T12:26;;48.83963;2.20355
16784;Radar Vitesse Moyenne;2018-09-05T12:26;;44.7838;3.88568
16785;Radar Vitesse Moyenne;2018-09-05T12:26;;45.62526;0.18197
16786;Radar Vitesse Moyenne;2018-09-05T12:26;;43.78382;5.09278
16787;Radar Vitesse Moyenne;2018-09-05T12:26;;44.36246;4.97359
16788;Radar Vitesse Moyenne;2018-09-05T12:26;;49.05873;2.00108
16789;Radar Vitesse Moyenne;2018-09-05T12:26;;48.74764;7.56854
16790;Radar Vitesse Moyenne;2018-09-05T12:26;;44.49779;5.73001
16791;Radar Vitesse Moyenne;2018-09-05T12:26;;46.18881;1.94357
16792;Radar Vitesse Moyenne;2018-09-05T12:26;;43.38309;1.6163
16793;Radar Vitesse Moyenne;2018-09-05T12:26;;45.87074;4.49004
16794;Radar Vitesse Moyenne;2018-09-05T12:26;;47.99521;1.88121
16795;Radar Vitesse Moyenne;2018-09-05T12:26;;49.35733;4.20701
16796;Radar Vitesse Moyenne;2018-09-05T12:26;;46.93863;3.15776
16797;Radar Vitesse Moyenne;2018-09-05T12:26;;50.60194;3.23831
16798;Radar Vitesse Moyenne;2018-09-05T12:26;;50.64271;2.93313
16799;Radar Vitesse Moyenne;2018-09-05T12:26;;50.59951;3.16691
16800;Radar Vitesse Moyenne;2018-09-05T12:26;;46.31887;4.74256
16801;Radar Vitesse Moyenne;2018-09-05T12:26;;46.57685;4.20981
16802;Radar Vitesse Moyenne;2018-09-05T12:26;;46.51361;4.1625
16803;Radar Vitesse Moyenne;2018-09-05T12:26;;43.12706;5.91416
16804;Radar Vitesse Moyenne;2018-09-05T12:26;;43.41365;6.44353
16805;Radar Vitesse Moyenne;2018-09-05T12:26;;43.40185;6.37457
16806;Radar Vitesse Moyenne;2018-09-05T12:26;;44.87911;1.20745
16807;Radar Vitesse Moyenne;2018-09-05T12:26;;45.1414;0.78467
16808;Radar Vitesse Moyenne;2018-09-05T12:26;;43.41505;3.41663
16809;Radar Vitesse Moyenne;2018-09-05T12:26;;43.62292;3.5109
16810;Radar Vitesse Moyenne;2018-09-05T12:26;;45.10449;5.70554
16811;Radar Vitesse Moyenne;2018-09-05T12:26;;45.1195;5.69777
16812;Radar Vitesse Moyenne;2018-09-05T12:26;;48.57775;-0.34845
16813;Radar Vitesse Moyenne;2018-09-05T12:26;;48.52822;0.52429
16814;Radar Vitesse Moyenne;2018-09-05T12:26;;50.46309;2.53582
16815;Radar Vitesse Moyenne;2018-09-05T12:26;;50.18858;2.48978
16816;Radar Vitesse Moyenne;2018-09-05T12:26;;42.8106;2.58284
16817;Radar Vitesse Moyenne;2018-09-05T12:26;;48.71148;1.90362
16818;Radar Vitesse Moyenne;2018-09-05T12:26;;48.69801;1.89779
16819;Radar Vitesse Moyenne;2018-09-05T12:26;;48.28992;7.07053
16820;Radar Vitesse Moyenne;2018-09-05T12:26;;42.81419;2.517
16821;Radar Vitesse Moyenne;2018-09-05T12:26;;46.16369;-1.25652
16822;Radar Vitesse Moyenne;2018-09-05T12:26;;45.84573;-1.16425
16823;Radar Vitesse Moyenne;2018-09-05T12:26;;47.99532;1.88102
16824;Radar Vitesse Moyenne;2018-09-05T12:26;;48.83954;2.20352
16825;Radar Vitesse Moyenne;2018-09-05T12:26;;44.41055;4.29786
16826;Radar Vitesse Moyenne;2018-09-05T12:26;;45.02639;4.70022
16827;Radar Vitesse Moyenne;2018-09-05T12:26;;44.58158;4.57239
16828;Radar Vitesse Moyenne;2018-09-05T12:26;;43.73209;7.3822
16829;Radar Vitesse Moyenne;2018-09-05T12:26;;46.97842;4.70572
16830;Radar Vitesse Moyenne;2018-09-05T12:26;;47.93048;-2.3229
16831;Radar Vitesse Moyenne;2018-09-05T12:26;;45.59569;3.22375
16832;Radar Vitesse Moyenne;2018-09-05T12:26;;46.00271;1.33829
16833;Radar Vitesse Moyenne;2018-09-05T12:26;;48.62853;2.25636
16834;Radar Vitesse Moyenne;2018-09-05T12:26;;48.62861;2.25702
16835;Radar Vitesse Moyenne;2018-09-05T12:26;;43.5823;4.44391
16836;Radar Vitesse Moyenne;2018-09-05T12:26;;43.54861;4.40147
16837;Radar Vitesse Moyenne;2018-09-05T12:26;;47.05667;6.70281
16838;Radar Vitesse Moyenne;2018-09-05T12:26;;48.20972;-1.7373
16839;Radar Vitesse Moyenne;2018-09-05T12:26;;47.40195;0.86989
16840;Radar Vitesse Moyenne;2018-09-05T12:26;;50.22812;2.61717
16841;Radar Vitesse Moyenne;2018-09-05T12:26;;49.50676;0.7408
16842;Radar Vitesse Moyenne;2018-09-05T12:26;;49.75755;0.77237
16843;Radar Vitesse Moyenne;2018-09-05T12:26;;43.29128;5.4851
16844;Radar Vitesse Moyenne;2018-09-05T12:26;;43.2881;5.49962
16845;Radar Vitesse Moyenne;2018-09-05T12:26;;49.10988;1.48944
16846;Radar Vitesse Moyenne;2018-09-05T12:26;;47.8626;-3.56
16847;Radar Vitesse Moyenne;2018-09-05T12:26;;43.726033;1.324844
16848;Radar Vitesse Moyenne;2018-09-05T12:26;;43.3289;-0.34774
16849;Radar Vitesse Moyenne;2018-09-05T12:26;;43.39902;3.22885
16850;Radar Vitesse Moyenne;2018-09-05T12:26;;47.12449;6.58803
16851;Radar Vitesse Moyenne;2018-09-05T12:26;;43.47071;4.94777
16852;Radar Vitesse Moyenne;2018-09-05T12:26;;43.49527;4.9658
16853;Radar Vitesse Moyenne;2018-09-05T12:26;;47.33677;4.98498
16854;Radar Vitesse Moyenne;2018-09-05T12:26;;44.1309;4.61414
16855;Radar Vitesse Moyenne;2018-09-05T12:26;;43.61108;3.17323
16856;Radar Vitesse Moyenne;2018-09-05T12:26;;45.55432;5.35899
16857;Radar Vitesse Moyenne;2018-09-05T12:26;;43.12053;5.9509
16858;Radar Vitesse Moyenne;2018-09-05T12:26;;46.00394;6.179
16859;Radar Vitesse Moyenne;2018-09-05T12:26;;45.06043;5.20998
16860;Radar Vitesse Moyenne;2018-09-05T12:26;;45.04916;5.16809
16861;Radar Vitesse Moyenne;2018-09-05T12:26;;45.13998;1.48905
16862;Radar Vitesse Moyenne;2018-09-05T12:26;;45.10495;1.51677
16863;Radar Vitesse Moyenne;2018-09-05T12:26;;47.09946;6.04304
16864;Radar Vitesse Moyenne;2018-09-05T12:26;;46.97625;6.34129
16865;Radar Vitesse Moyenne;2018-09-05T12:26;;44.55123;6.4916
16866;Radar Vitesse Moyenne;2018-09-05T12:26;;46.53445;3.58432
16867;Radar Vitesse Moyenne;2018-09-05T12:26;;45.38041;-0.60107
16868;Radar Vitesse Moyenne;2018-09-05T12:26;;48.24962;2.34397
16869;Radar Vitesse Moyenne;2018-09-05T12:26;;50.68241;1.75535
16870;Radar Vitesse Moyenne;2018-09-05T12:26;;46.7384;4.62619
16871;Radar Vitesse Moyenne;2018-09-05T12:26;;43.5835;5.14233
16872;Radar Vitesse Moyenne;2018-09-05T12:26;;43.667;4.00735
16873;Radar Vitesse Moyenne;2018-09-05T12:26;;43.66702;4.00788
16874;Radar Vitesse Moyenne;2018-09-05T12:26;;48.25092;2.34596
16875;Itinéraire;2018-09-05T12:28;;45.773383;5.205681
16876;Itinéraire;2018-09-05T12:28;;43.731979;7.412692
16877;Itinéraire;2018-09-05T12:28;;44.938465;4.830817
16878;Itinéraire;2018-09-05T12:28;;48.976904;4.37721
16879;Itinéraire;2018-09-05T12:28;;43.21346;2.302565
16880;Itinéraire;2018-09-05T12:28;;42.829518;1.612157
16881;Itinéraire;2018-09-05T12:28;;42.91145;1.987275
16882;Itinéraire;2018-09-05T12:28;;44.373694;2.592991
16883;Itinéraire;2018-09-05T12:28;;44.291312;2.567538
16884;Itinéraire;2018-09-05T12:28;;43.246999;5.451249
16885;Itinéraire;2018-09-05T12:28;;43.2683;5.648124
16886;Itinéraire;2018-09-05T12:28;;45.75765;-0.661724
16887;Itinéraire;2018-09-05T12:28;;44.8285;0.477717
16888;Itinéraire;2018-09-05T12:28;;46.891104;6.364996
16889;Itinéraire;2018-09-05T12:28;;47.157795;6.252901
16890;Itinéraire;2018-09-05T12:28;;49.108505;0.912095
16891;Itinéraire;2018-09-05T12:28;;48.409649;1.460803
16892;Itinéraire;2018-09-05T12:28;;48.427044;1.51601
16893;Itinéraire;2018-09-05T12:28;;48.484956;1.479608
16894;Itinéraire;2018-09-05T12:28;;44.130211;4.12627
16895;Itinéraire;2018-09-05T12:28;;43.704766;4.192282
16896;Itinéraire;2018-09-05T12:28;;43.056209;0.591325
16897;Itinéraire;2018-09-05T12:28;;44.886042;-0.565167
16898;Itinéraire;2018-09-05T12:28;;44.886798;-0.569323
16899;Itinéraire;2018-09-05T12:28;;44.918087;-0.671097
16900;Itinéraire;2018-09-05T12:28;;45.005797;-0.436257
16901;Itinéraire;2018-09-05T12:28;;43.335877;3.179061
16902;Itinéraire;2018-09-05T12:29;;43.439779;3.576724
16903;Itinéraire;2018-09-05T12:29;;43.205563;3.023067
16904;Itinéraire;2018-09-05T12:29;;47.57786;1.320719
16905;Itinéraire;2018-09-05T12:29;;46.841727;5.6217
16906;Itinéraire;2018-09-05T12:29;;44.411854;-1.177529
16907;Itinéraire;2018-09-05T12:29;;45.147217;4.116639
16908;Itinéraire;2018-09-05T12:29;;45.067463;3.84999
16909;Itinéraire;2018-09-05T12:29;;47.132067;-1.843225
16910;Itinéraire;2018-09-05T12:29;;44.408456;0.742893
16911;Itinéraire;2018-09-05T12:29;;47.187503;-0.300595
16912;Itinéraire;2018-09-05T12:29;;48.371356;-1.179788
16913;Itinéraire;2018-09-05T12:29;;48.726062;3.735347
16914;Itinéraire;2018-09-05T12:29;;49.104405;3.673162
16915;Itinéraire;2018-09-05T12:29;;47.854688;5.398614
16916;Itinéraire;2018-09-05T12:29;;48.712936;5.919838
16917;Itinéraire;2018-09-05T12:29;;48.606645;6.163686
16918;Itinéraire;2018-09-05T12:29;;48.950943;6.062331
16919;Itinéraire;2018-09-05T12:29;;49.324033;6.251165
16920;Itinéraire;2018-09-05T12:29;;48.969879;7.579143
16921;Itinéraire;2018-09-05T12:29;;49.400384;2.420155
16922;Itinéraire;2018-09-05T12:29;;49.382016;3.27812
16923;Itinéraire;2018-09-05T12:29;;49.291932;2.604848
16924;Itinéraire;2018-09-05T12:29;;48.446631;0.000826
16925;Itinéraire;2018-09-05T12:29;;50.345852;2.579359
16926;Itinéraire;2018-09-05T12:29;;50.700269;2.223438
16927;Itinéraire;2018-09-05T12:29;;43.326913;-1.385582
16928;Itinéraire;2018-09-05T12:29;;42.525395;2.851185
16929;Itinéraire;2018-09-05T12:29;;42.484717;2.766478
16930;Itinéraire;2018-09-05T12:29;;45.692277;4.681355
16931;Itinéraire;2018-09-05T12:29;;45.969677;4.672344
16932;Itinéraire;2018-09-05T12:29;;45.679905;4.959975
16933;Itinéraire;2018-09-05T12:29;;47.866486;6.381639
16934;Itinéraire;2018-09-05T12:29;;47.432836;5.602704
16935;Itinéraire;2018-09-05T12:29;;46.968041;4.339775
16936;Itinéraire;2018-09-05T12:29;;45.93192;5.834516
16937;Itinéraire;2018-09-05T12:29;;45.708831;5.728296
16938;Itinéraire;2018-09-05T12:29;;48.589967;2.723554
16939;Itinéraire;2018-09-05T12:29;;48.831074;2.799948
16940;Itinéraire;2018-09-05T12:29;;48.550174;2.507424
16941;Itinéraire;2018-09-05T12:29;;48.55101;3.32225
16942;Itinéraire;2018-09-05T12:29;;43.896684;2.151713
16943;Itinéraire;2018-09-05T12:29;;46.508771;0.471131
16944;Itinéraire;2018-09-05T12:29;;45.891151;1.280403
16945;Itinéraire;2018-09-05T12:29;;48.198949;6.476978
16946;Itinéraire;2018-09-05T12:29;;47.573626;7.494679